CREATE DATABASE  IF NOT EXISTS `pokemon` /*!40100 DEFAULT CHARACTER SET utf8mb4 COLLATE utf8mb4_0900_ai_ci */ /*!80016 DEFAULT ENCRYPTION='N' */;
USE `pokemon`;
-- MySQL dump 10.13  Distrib 8.0.36, for Win64 (x86_64)
--
-- Host: localhost    Database: pokemon
-- ------------------------------------------------------
-- Server version	8.0.36

/*!40101 SET @OLD_CHARACTER_SET_CLIENT=@@CHARACTER_SET_CLIENT */;
/*!40101 SET @OLD_CHARACTER_SET_RESULTS=@@CHARACTER_SET_RESULTS */;
/*!40101 SET @OLD_COLLATION_CONNECTION=@@COLLATION_CONNECTION */;
/*!50503 SET NAMES utf8 */;
/*!40103 SET @OLD_TIME_ZONE=@@TIME_ZONE */;
/*!40103 SET TIME_ZONE='+00:00' */;
/*!40014 SET @OLD_UNIQUE_CHECKS=@@UNIQUE_CHECKS, UNIQUE_CHECKS=0 */;
/*!40014 SET @OLD_FOREIGN_KEY_CHECKS=@@FOREIGN_KEY_CHECKS, FOREIGN_KEY_CHECKS=0 */;
/*!40101 SET @OLD_SQL_MODE=@@SQL_MODE, SQL_MODE='NO_AUTO_VALUE_ON_ZERO' */;
/*!40111 SET @OLD_SQL_NOTES=@@SQL_NOTES, SQL_NOTES=0 */;

--
-- Table structure for table `base_stats`
--

DROP TABLE IF EXISTS `base_stats`;
/*!40101 SET @saved_cs_client     = @@character_set_client */;
/*!50503 SET character_set_client = utf8mb4 */;
CREATE TABLE `base_stats` (
  `b_hp` int DEFAULT NULL,
  `b_atk` int DEFAULT NULL,
  `b_def` int DEFAULT NULL,
  `b_sp_atk` int DEFAULT NULL,
  `b_sp_def` int DEFAULT NULL,
  `b_speed` int DEFAULT NULL,
  `stats_id` int NOT NULL AUTO_INCREMENT,
  PRIMARY KEY (`stats_id`)
) ENGINE=InnoDB AUTO_INCREMENT=1019 DEFAULT CHARSET=utf8mb3;
/*!40101 SET character_set_client = @saved_cs_client */;

--
-- Dumping data for table `base_stats`
--

LOCK TABLES `base_stats` WRITE;
/*!40000 ALTER TABLE `base_stats` DISABLE KEYS */;
INSERT INTO `base_stats` VALUES (45,49,49,65,65,45,1),(60,62,63,80,80,60,2),(80,82,83,100,100,80,3),(39,52,43,60,50,65,4),(58,64,58,80,65,80,5),(78,84,78,109,85,100,6),(44,48,65,50,64,43,7),(59,63,80,65,80,58,8),(79,83,100,85,105,78,9),(45,30,35,20,20,45,10),(50,20,55,25,25,30,11),(60,45,50,90,80,70,12),(40,35,30,20,20,50,13),(45,25,50,25,25,35,14),(65,90,40,45,80,75,15),(40,45,40,35,35,56,16),(63,60,55,50,50,71,17),(83,80,75,70,70,101,18),(30,56,35,25,35,72,19),(55,81,60,50,70,97,20),(40,60,30,31,31,70,21),(65,90,65,61,61,100,22),(35,60,44,40,54,55,23),(60,85,69,65,79,80,24),(35,55,40,50,50,90,25),(60,90,55,90,80,110,26),(50,75,85,20,30,40,27),(75,100,110,45,55,65,28),(55,47,52,40,40,41,29),(70,62,67,55,55,56,30),(90,92,87,75,85,76,31),(46,57,40,40,40,50,32),(61,72,57,55,55,65,33),(81,102,77,85,75,85,34),(70,45,48,60,65,35,35),(95,70,73,95,90,60,36),(38,41,40,50,65,65,37),(73,76,75,81,100,100,38),(115,45,20,45,25,20,39),(140,70,45,85,50,45,40),(40,45,35,30,40,55,41),(75,80,70,65,75,90,42),(45,50,55,75,65,30,43),(60,65,70,85,75,40,44),(75,80,85,110,90,50,45),(35,70,55,45,55,25,46),(60,95,80,60,80,30,47),(60,55,50,40,55,45,48),(70,65,60,90,75,90,49),(10,55,25,35,45,95,50),(35,80,50,50,70,120,51),(40,45,35,40,40,90,52),(65,70,60,65,65,115,53),(50,52,48,65,50,55,54),(80,82,78,95,80,85,55),(40,80,35,35,45,70,56),(65,105,60,60,70,95,57),(55,70,45,70,50,60,58),(90,110,80,100,80,95,59),(40,50,40,40,40,90,60),(65,65,65,50,50,90,61),(90,95,95,70,90,70,62),(25,20,15,105,55,90,63),(40,35,30,120,70,105,64),(55,50,45,135,95,120,65),(70,80,50,35,35,35,66),(80,100,70,50,60,45,67),(90,130,80,65,85,55,68),(50,75,35,70,30,40,69),(65,90,50,85,45,55,70),(80,105,65,100,70,70,71),(40,40,35,50,100,70,72),(80,70,65,80,120,100,73),(40,80,100,30,30,20,74),(55,95,115,45,45,35,75),(80,120,130,55,65,45,76),(50,85,55,65,65,90,77),(65,100,70,80,80,105,78),(90,65,65,40,40,15,79),(95,75,110,100,80,30,80),(25,35,70,95,55,45,81),(50,60,95,120,70,70,82),(52,65,55,58,62,60,83),(35,85,45,35,35,75,84),(60,110,70,60,60,100,85),(65,45,55,45,70,45,86),(90,70,80,70,95,70,87),(80,80,50,40,50,25,88),(105,105,75,65,100,50,89),(30,65,100,45,25,40,90),(50,95,180,85,45,70,91),(30,35,30,100,35,80,92),(45,50,45,115,55,95,93),(60,65,60,130,75,110,94),(35,45,160,30,45,70,95),(60,48,45,43,90,42,96),(85,73,70,73,115,67,97),(30,105,90,25,25,50,98),(55,130,115,50,50,75,99),(40,30,50,55,55,100,100),(60,50,70,80,80,140,101),(60,40,80,60,45,40,102),(95,95,85,125,65,55,103),(50,50,95,40,50,35,104),(60,80,110,50,80,45,105),(50,120,53,35,110,87,106),(50,105,79,35,110,76,107),(90,55,75,60,75,30,108),(40,65,95,60,45,35,109),(65,90,120,85,70,60,110),(80,85,95,30,30,25,111),(105,130,120,45,45,40,112),(250,5,5,35,105,50,113),(65,55,115,100,40,60,114),(105,95,80,40,80,90,115),(30,40,70,70,25,60,116),(55,65,95,95,45,85,117),(45,67,60,35,50,63,118),(80,92,65,65,80,68,119),(30,45,55,70,55,85,120),(60,75,85,100,85,115,121),(40,45,65,100,120,90,122),(70,110,80,55,80,105,123),(65,50,35,115,95,95,124),(65,83,57,95,85,105,125),(65,95,57,100,85,93,126),(65,125,100,55,70,85,127),(75,100,95,40,70,110,128),(20,10,55,15,20,80,129),(95,125,79,60,100,81,130),(130,85,80,85,95,60,131),(48,48,48,48,48,48,132),(55,55,50,45,65,55,133),(130,65,60,110,95,65,134),(65,65,60,110,95,130,135),(65,130,60,95,110,65,136),(65,60,70,85,75,40,137),(35,40,100,90,55,35,138),(70,60,125,115,70,55,139),(30,80,90,55,45,55,140),(60,115,105,65,70,80,141),(80,105,65,60,75,130,142),(160,110,65,65,110,30,143),(90,85,100,95,125,85,144),(90,90,85,125,90,100,145),(90,100,90,125,85,90,146),(41,64,45,50,50,50,147),(61,84,65,70,70,70,148),(91,134,95,100,100,80,149),(106,110,90,154,90,130,150),(100,100,100,100,100,100,151),(45,49,65,49,65,45,152),(60,62,80,63,80,60,153),(80,82,100,83,100,80,154),(39,52,43,60,50,65,155),(58,64,58,80,65,80,156),(78,84,78,109,85,100,157),(50,65,64,44,48,43,158),(65,80,80,59,63,58,159),(85,105,100,79,83,78,160),(35,46,34,35,45,20,161),(85,76,64,45,55,90,162),(60,30,30,36,56,50,163),(100,50,50,76,96,70,164),(40,20,30,40,80,55,165),(55,35,50,55,110,85,166),(40,60,40,40,40,30,167),(70,90,70,60,60,40,168),(85,90,80,70,80,130,169),(75,38,38,56,56,67,170),(125,58,58,76,76,67,171),(20,40,15,35,35,60,172),(50,25,28,45,55,15,173),(90,30,15,40,20,15,174),(35,20,65,40,65,20,175),(55,40,85,80,105,40,176),(40,50,45,70,45,70,177),(65,75,70,95,70,95,178),(55,40,40,65,45,35,179),(70,55,55,80,60,45,180),(90,75,85,115,90,55,181),(75,80,95,90,100,50,182),(70,20,50,20,50,40,183),(100,50,80,60,80,50,184),(70,100,115,30,65,30,185),(90,75,75,90,100,70,186),(35,35,40,35,55,50,187),(55,45,50,45,65,80,188),(75,55,70,55,95,110,189),(55,70,55,40,55,85,190),(30,30,30,30,30,30,191),(75,75,55,105,85,30,192),(65,65,45,75,45,95,193),(55,45,45,25,25,15,194),(95,85,85,65,65,35,195),(65,65,60,130,95,110,196),(95,65,110,60,130,65,197),(60,85,42,85,42,91,198),(95,75,80,100,110,30,199),(60,60,60,85,85,85,200),(48,72,48,72,48,48,201),(190,33,58,33,58,33,202),(70,80,65,90,65,85,203),(50,65,90,35,35,15,204),(75,90,140,60,60,40,205),(100,70,70,65,65,45,206),(65,75,105,35,65,85,207),(75,85,200,55,65,30,208),(60,80,50,40,40,30,209),(90,120,75,60,60,45,210),(65,95,75,55,55,85,211),(70,130,100,55,80,65,212),(20,10,230,10,230,5,213),(80,125,75,40,95,85,214),(55,95,55,35,75,115,215),(60,80,50,50,50,40,216),(90,130,75,75,75,55,217),(40,40,40,70,40,20,218),(50,50,120,80,80,30,219),(50,50,40,30,30,50,220),(100,100,80,60,60,50,221),(55,55,85,65,85,35,222),(35,65,35,65,35,65,223),(75,105,75,105,75,45,224),(45,55,45,65,45,75,225),(65,40,70,80,140,70,226),(65,80,140,40,70,70,227),(45,60,30,80,50,65,228),(75,90,50,110,80,95,229),(75,95,95,95,95,85,230),(90,60,60,40,40,40,231),(90,120,120,60,60,50,232),(85,80,90,105,95,60,233),(73,95,62,85,65,85,234),(55,20,35,20,45,75,235),(35,35,35,35,35,35,236),(50,95,95,35,110,70,237),(45,30,15,85,65,65,238),(45,63,37,65,55,95,239),(45,75,37,70,55,83,240),(95,80,105,40,70,100,241),(255,10,10,75,135,55,242),(90,85,75,115,100,115,243),(115,115,85,90,75,100,244),(100,75,115,90,115,85,245),(50,64,50,45,50,41,246),(70,84,70,65,70,51,247),(100,134,110,95,100,61,248),(106,90,130,90,154,110,249),(106,130,90,110,154,90,250),(100,100,100,100,100,100,251),(40,45,35,65,55,70,252),(50,65,45,85,65,95,253),(70,85,65,105,85,120,254),(45,60,40,70,50,45,255),(60,85,60,85,60,55,256),(80,120,70,110,70,80,257),(50,70,50,50,50,40,258),(70,85,70,60,70,50,259),(100,110,90,85,90,60,260),(35,55,35,30,30,35,261),(70,90,70,60,60,70,262),(38,30,41,30,41,60,263),(78,70,61,50,61,100,264),(45,45,35,20,30,20,265),(50,35,55,25,25,15,266),(60,70,50,100,50,65,267),(50,35,55,25,25,15,268),(60,50,70,50,90,65,269),(40,30,30,40,50,30,270),(60,50,50,60,70,50,271),(80,70,70,90,100,70,272),(40,40,50,30,30,30,273),(70,70,40,60,40,60,274),(90,100,60,90,60,80,275),(40,55,30,30,30,85,276),(60,85,60,50,50,125,277),(40,30,30,55,30,85,278),(60,50,100,85,70,65,279),(28,25,25,45,35,40,280),(38,35,35,65,55,50,281),(68,65,65,125,115,80,282),(40,30,32,50,52,65,283),(70,60,62,80,82,60,284),(60,40,60,40,60,35,285),(60,130,80,60,60,70,286),(60,60,60,35,35,30,287),(80,80,80,55,55,90,288),(150,160,100,95,65,100,289),(31,45,90,30,30,40,290),(61,90,45,50,50,160,291),(1,90,45,30,30,40,292),(64,51,23,51,23,28,293),(84,71,43,71,43,48,294),(104,91,63,91,73,68,295),(72,60,30,20,30,25,296),(144,120,60,40,60,50,297),(50,20,40,20,40,20,298),(30,45,135,45,90,30,299),(50,45,45,35,35,50,300),(70,65,65,55,55,70,301),(50,75,75,65,65,50,302),(50,85,85,55,55,50,303),(50,70,100,40,40,30,304),(60,90,140,50,50,40,305),(70,110,180,60,60,50,306),(30,40,55,40,55,60,307),(60,60,75,60,75,80,308),(40,45,40,65,40,65,309),(70,75,60,105,60,105,310),(60,50,40,85,75,95,311),(60,40,50,75,85,95,312),(65,73,55,47,75,85,313),(65,47,55,73,75,85,314),(50,60,45,100,80,65,315),(70,43,53,43,53,40,316),(100,73,83,73,83,55,317),(45,90,20,65,20,65,318),(70,120,40,95,40,95,319),(130,70,35,70,35,60,320),(170,90,45,90,45,60,321),(60,60,40,65,45,35,322),(70,100,70,105,75,40,323),(70,85,140,85,70,20,324),(60,25,35,70,80,60,325),(80,45,65,90,110,80,326),(60,60,60,60,60,60,327),(45,100,45,45,45,10,328),(50,70,50,50,50,70,329),(80,100,80,80,80,100,330),(50,85,40,85,40,35,331),(70,115,60,115,60,55,332),(45,40,60,40,75,50,333),(75,70,90,70,105,80,334),(73,115,60,60,60,90,335),(73,100,60,100,60,65,336),(70,55,65,95,85,70,337),(70,95,85,55,65,70,338),(50,48,43,46,41,60,339),(110,78,73,76,71,60,340),(43,80,65,50,35,35,341),(63,120,85,90,55,55,342),(40,40,55,40,70,55,343),(60,70,105,70,120,75,344),(66,41,77,61,87,23,345),(86,81,97,81,107,43,346),(45,95,50,40,50,75,347),(75,125,100,70,80,45,348),(20,15,20,10,55,80,349),(95,60,79,100,125,81,350),(70,70,70,70,70,70,351),(60,90,70,60,120,40,352),(44,75,35,63,33,45,353),(64,115,65,83,63,65,354),(20,40,90,30,90,25,355),(40,70,130,60,130,25,356),(99,68,83,72,87,51,357),(65,50,70,95,80,65,358),(65,130,60,75,60,75,359),(95,23,48,23,48,23,360),(50,50,50,50,50,50,361),(80,80,80,80,80,80,362),(70,40,50,55,50,25,363),(90,60,70,75,70,45,364),(110,80,90,95,90,65,365),(35,64,85,74,55,32,366),(55,104,105,94,75,52,367),(55,84,105,114,75,52,368),(100,90,130,45,65,55,369),(43,30,55,40,65,97,370),(45,75,60,40,30,50,371),(65,95,100,60,50,50,372),(95,135,80,110,80,100,373),(40,55,80,35,60,30,374),(60,75,100,55,80,50,375),(80,135,130,95,90,70,376),(80,100,200,50,100,50,377),(80,50,100,100,200,50,378),(80,75,150,75,150,50,379),(80,80,90,110,130,110,380),(80,90,80,130,110,110,381),(100,100,90,150,140,90,382),(100,150,140,100,90,90,383),(105,150,90,150,90,95,384),(100,100,100,100,100,100,385),(50,180,20,180,20,150,386),(55,68,64,45,55,31,387),(75,89,85,55,65,36,388),(95,109,105,75,85,56,389),(44,58,44,58,44,61,390),(64,78,52,78,52,81,391),(76,104,71,104,71,108,392),(53,51,53,61,56,40,393),(64,66,68,81,76,50,394),(84,86,88,111,101,60,395),(40,55,30,30,30,60,396),(55,75,50,40,40,80,397),(85,120,70,50,60,100,398),(59,45,40,35,40,31,399),(79,85,60,55,60,71,400),(37,25,41,25,41,25,401),(77,85,51,55,51,65,402),(45,65,34,40,34,45,403),(60,85,49,60,49,60,404),(80,120,79,95,79,70,405),(40,30,35,50,70,55,406),(60,70,65,125,105,90,407),(67,125,40,30,30,58,408),(97,165,60,65,50,58,409),(30,42,118,42,88,30,410),(60,52,168,47,138,30,411),(40,29,45,29,45,36,412),(60,59,85,79,105,36,413),(70,94,50,94,50,66,414),(30,30,42,30,42,70,415),(70,80,102,80,102,40,416),(60,45,70,45,90,95,417),(55,65,35,60,30,85,418),(85,105,55,85,50,115,419),(45,35,45,62,53,35,420),(70,60,70,87,78,85,421),(76,48,48,57,62,34,422),(111,83,68,92,82,39,423),(75,100,66,60,66,115,424),(90,50,34,60,44,70,425),(150,80,44,90,54,80,426),(55,66,44,44,56,85,427),(65,76,84,54,96,105,428),(60,60,60,105,105,105,429),(100,125,52,105,52,71,430),(49,55,42,42,37,85,431),(71,82,64,64,59,112,432),(45,30,50,65,50,45,433),(63,63,47,41,41,74,434),(103,93,67,71,61,84,435),(57,24,86,24,86,23,436),(67,89,116,79,116,33,437),(50,80,95,10,45,10,438),(20,25,45,70,90,60,439),(100,5,5,15,65,30,440),(76,65,45,92,42,91,441),(50,92,108,92,108,35,442),(58,70,45,40,45,42,443),(68,90,65,50,55,82,444),(108,130,95,80,85,102,445),(135,85,40,40,85,5,446),(40,70,40,35,40,60,447),(70,110,70,115,70,90,448),(68,72,78,38,42,32,449),(108,112,118,68,72,47,450),(40,50,90,30,55,65,451),(70,90,110,60,75,95,452),(48,61,40,61,40,50,453),(83,106,65,86,65,85,454),(74,100,72,90,72,46,455),(49,49,56,49,61,66,456),(69,69,76,69,86,91,457),(45,20,50,60,120,50,458),(60,62,50,62,60,40,459),(90,92,75,92,85,60,460),(70,120,65,45,85,125,461),(70,70,115,130,90,60,462),(110,85,95,80,95,50,463),(115,140,130,55,55,40,464),(100,100,125,110,50,50,465),(75,123,67,95,85,95,466),(75,95,67,125,95,83,467),(85,50,95,120,115,80,468),(86,76,86,116,56,95,469),(65,110,130,60,65,95,470),(65,60,110,130,95,65,471),(75,95,125,45,75,95,472),(110,130,80,70,60,80,473),(85,80,70,135,75,90,474),(68,125,65,65,115,80,475),(60,55,145,75,150,40,476),(45,100,135,65,135,45,477),(70,80,70,80,70,110,478),(50,50,77,95,77,91,479),(75,75,130,75,130,95,480),(80,105,105,105,105,80,481),(75,125,70,125,70,115,482),(100,120,120,150,100,90,483),(90,120,100,150,120,100,484),(91,90,106,130,106,77,485),(110,160,110,80,110,100,486),(150,100,120,100,120,90,487),(120,70,120,75,130,85,488),(80,80,80,80,80,80,489),(100,100,100,100,100,100,490),(70,90,90,135,90,125,491),(100,100,100,100,100,100,492),(120,120,120,120,120,120,493),(100,100,100,100,100,100,494),(45,45,55,45,55,63,495),(60,60,75,60,75,83,496),(75,75,95,75,95,113,497),(65,63,45,45,45,45,498),(90,93,55,70,55,55,499),(110,123,65,100,65,65,500),(55,55,45,63,45,45,501),(75,75,60,83,60,60,502),(95,100,85,108,70,70,503),(45,55,39,35,39,42,504),(60,85,69,60,69,77,505),(45,60,45,25,45,55,506),(65,80,65,35,65,60,507),(85,110,90,45,90,80,508),(41,50,37,50,37,66,509),(64,88,50,88,50,106,510),(50,53,48,53,48,64,511),(75,98,63,98,63,101,512),(50,53,48,53,48,64,513),(75,98,63,98,63,101,514),(50,53,48,53,48,64,515),(75,98,63,98,63,101,516),(76,25,45,67,55,24,517),(116,55,85,107,95,29,518),(50,55,50,36,30,43,519),(62,77,62,50,42,65,520),(80,115,80,65,55,93,521),(45,60,32,50,32,76,522),(75,100,63,80,63,116,523),(55,75,85,25,25,15,524),(70,105,105,50,40,20,525),(85,135,130,60,80,25,526),(55,45,43,55,43,72,527),(67,57,55,77,55,114,528),(60,85,40,30,45,68,529),(110,135,60,50,65,88,530),(103,60,86,60,86,50,531),(75,80,55,25,35,35,532),(85,105,85,40,50,40,533),(105,140,95,55,65,45,534),(50,50,40,50,40,64,535),(75,65,55,65,55,69,536),(105,95,75,85,75,74,537),(120,100,85,30,85,45,538),(75,125,75,30,75,85,539),(45,53,70,40,60,42,540),(55,63,90,50,80,42,541),(75,103,80,70,80,92,542),(30,45,59,30,39,57,543),(40,55,99,40,79,47,544),(60,100,89,55,69,112,545),(40,27,60,37,50,66,546),(60,67,85,77,75,116,547),(45,35,50,70,50,30,548),(70,60,75,110,75,90,549),(70,92,65,80,55,98,550),(50,72,35,35,35,65,551),(60,82,45,45,45,74,552),(95,117,80,65,70,92,553),(70,90,45,15,45,50,554),(105,140,55,30,55,95,555),(75,86,67,106,67,60,556),(50,65,85,35,35,55,557),(70,95,125,65,75,45,558),(50,75,70,35,70,48,559),(65,90,115,45,115,58,560),(72,58,80,103,80,97,561),(38,30,85,55,65,30,562),(58,50,145,95,105,30,563),(54,78,103,53,45,22,564),(74,108,133,83,65,32,565),(55,112,45,74,45,70,566),(75,140,65,112,65,110,567),(50,50,62,40,62,65,568),(80,95,82,60,82,75,569),(40,65,40,80,40,65,570),(60,105,60,120,60,105,571),(55,50,40,40,40,75,572),(75,95,60,65,60,115,573),(45,30,50,55,65,45,574),(60,45,70,75,85,55,575),(70,55,95,95,110,65,576),(45,30,40,105,50,20,577),(65,40,50,125,60,30,578),(110,65,75,125,85,30,579),(62,44,50,44,50,55,580),(75,87,63,87,63,98,581),(36,50,50,65,60,44,582),(51,65,65,80,75,59,583),(71,95,85,110,95,79,584),(60,60,50,40,50,75,585),(80,100,70,60,70,95,586),(55,75,60,75,60,103,587),(50,75,45,40,45,60,588),(70,135,105,60,105,20,589),(69,55,45,55,55,15,590),(114,85,70,85,80,30,591),(55,40,50,65,85,40,592),(100,60,70,85,105,60,593),(165,75,80,40,45,65,594),(50,47,50,57,50,65,595),(70,77,60,97,60,108,596),(44,50,91,24,86,10,597),(74,94,131,54,116,20,598),(40,55,70,45,60,30,599),(60,80,95,70,85,50,600),(60,100,115,70,85,90,601),(35,55,40,45,40,60,602),(65,85,70,75,70,40,603),(85,115,80,105,80,50,604),(55,55,55,85,55,30,605),(75,75,75,125,95,40,606),(50,30,55,65,55,20,607),(60,40,60,95,60,55,608),(60,55,90,145,90,80,609),(46,87,60,30,40,57,610),(66,117,70,40,50,67,611),(76,147,90,60,70,97,612),(55,70,40,60,40,40,613),(95,110,80,70,80,50,614),(70,50,30,95,135,105,615),(50,40,85,40,65,25,616),(80,70,40,100,60,145,617),(109,66,84,81,99,32,618),(45,85,50,55,50,65,619),(65,125,60,95,60,105,620),(77,120,90,60,90,48,621),(59,74,50,35,50,35,622),(89,124,80,55,80,55,623),(45,85,70,40,40,60,624),(65,125,100,60,70,70,625),(95,110,95,40,95,55,626),(70,83,50,37,50,60,627),(100,123,75,57,75,80,628),(70,55,75,45,65,60,629),(110,65,105,55,95,80,630),(85,97,66,105,66,65,631),(58,109,112,48,48,109,632),(52,65,50,45,50,38,633),(72,85,70,65,70,58,634),(92,105,90,125,90,98,635),(55,85,55,50,55,60,636),(85,60,65,135,105,100,637),(91,90,129,90,72,108,638),(91,129,90,72,90,108,639),(91,90,72,90,129,108,640),(79,115,70,125,80,111,641),(79,115,70,125,80,111,642),(100,120,100,150,120,90,643),(100,150,120,120,100,90,644),(89,125,90,115,80,101,645),(125,130,90,130,90,95,646),(91,72,90,129,90,108,647),(100,77,77,128,128,90,648),(71,120,95,120,85,99,649),(56,61,65,48,45,33,650),(61,78,95,56,58,57,651),(88,107,122,74,75,64,652),(40,45,40,62,60,60,653),(59,59,58,90,70,73,654),(75,69,72,114,100,104,655),(41,56,40,62,44,71,656),(54,63,52,83,56,97,657),(72,95,67,103,71,122,658),(38,36,38,32,36,57,659),(85,56,77,50,77,78,660),(45,50,43,40,38,62,661),(62,73,55,56,52,84,662),(78,81,71,74,69,126,663),(38,35,40,27,25,35,664),(45,22,60,27,30,29,665),(80,52,50,90,50,89,666),(62,50,58,73,54,72,667),(86,68,72,109,66,106,668),(44,38,39,61,79,42,669),(54,45,47,75,98,52,670),(78,65,68,112,154,75,671),(66,65,48,62,57,52,672),(123,100,62,97,81,68,673),(67,82,62,46,48,43,674),(95,124,78,69,71,58,675),(75,80,60,65,90,102,676),(62,48,54,63,60,68,677),(74,48,76,83,81,104,678),(45,80,100,35,37,28,679),(59,110,150,45,49,35,680),(60,150,50,150,50,60,681),(78,52,60,63,65,23,682),(101,72,72,99,89,29,683),(62,48,66,59,57,49,684),(82,80,86,85,75,72,685),(53,54,37,46,45,45,686),(86,92,88,68,75,73,687),(42,52,67,39,56,50,688),(72,105,115,54,86,68,689),(50,60,60,60,60,30,690),(65,75,90,97,123,44,691),(50,53,62,58,63,44,692),(71,73,88,120,89,59,693),(44,38,33,61,43,70,694),(62,55,52,109,94,109,695),(58,89,77,45,45,48,696),(82,121,119,69,59,71,697),(77,59,50,67,63,46,698),(123,77,72,99,92,58,699),(95,65,65,110,130,60,700),(78,92,75,74,63,118,701),(67,58,57,81,67,101,702),(50,50,150,50,150,50,703),(45,50,35,55,75,40,704),(68,75,53,83,113,60,705),(90,100,70,110,150,80,706),(57,80,91,80,87,75,707),(43,70,48,50,60,38,708),(85,110,76,65,82,56,709),(44,66,70,44,55,56,710),(55,85,122,58,75,99,711),(55,69,85,32,35,28,712),(95,117,184,44,46,28,713),(40,30,35,45,40,55,714),(85,70,80,97,80,123,715),(126,131,95,131,98,99,716),(126,131,95,131,98,99,717),(108,100,121,81,95,95,718),(50,100,150,100,150,50,719),(80,110,60,150,130,70,720),(80,110,120,130,90,70,721),(68,55,55,50,50,42,722),(78,75,75,70,70,52,723),(78,107,75,100,100,70,724),(45,65,40,60,40,70,725),(65,85,50,80,50,90,726),(95,115,90,80,90,60,727),(50,54,54,66,56,40,728),(60,69,69,91,81,50,729),(80,74,74,126,116,60,730),(35,75,30,30,30,65,731),(55,85,50,40,50,75,732),(80,120,75,75,75,60,733),(48,70,30,30,30,45,734),(88,110,60,55,60,45,735),(47,62,45,55,45,46,736),(57,82,95,55,75,36,737),(77,70,90,145,75,43,738),(47,82,57,42,47,63,739),(97,132,77,62,67,43,740),(75,70,70,98,70,93,741),(40,45,40,55,40,84,742),(60,55,60,95,70,124,743),(45,65,40,30,40,60,744),(75,115,65,55,65,112,745),(45,20,20,25,25,40,746),(50,53,62,43,52,45,747),(50,63,152,53,142,35,748),(70,100,70,45,55,45,749),(100,125,100,55,85,35,750),(38,40,52,40,72,27,751),(68,70,92,50,132,42,752),(40,55,35,50,35,35,753),(70,105,90,80,90,45,754),(40,35,55,65,75,15,755),(60,45,80,90,100,30,756),(48,44,40,71,40,77,757),(68,64,60,111,60,117,758),(70,75,50,45,50,50,759),(120,125,80,55,60,60,760),(42,30,38,30,38,32,761),(52,40,48,40,48,62,762),(72,120,98,50,98,72,763),(51,52,90,82,110,100,764),(90,60,80,90,110,60,765),(100,120,90,40,60,80,766),(25,35,40,20,30,80,767),(75,125,140,60,90,40,768),(55,55,80,70,45,15,769),(85,75,110,100,75,35,770),(55,60,130,30,130,5,771),(95,95,95,95,95,59,772),(95,95,95,95,95,95,773),(60,60,100,60,100,60,774),(65,115,65,75,95,65,775),(60,78,135,91,85,36,776),(65,98,63,40,73,96,777),(55,90,80,50,105,96,778),(68,105,70,70,70,92,779),(78,60,85,135,91,36,780),(70,131,100,86,90,40,781),(45,55,65,45,45,45,782),(55,75,90,65,70,65,783),(75,110,125,100,105,85,784),(70,115,85,95,75,130,785),(70,85,75,130,115,95,786),(70,130,115,85,95,75,787),(70,75,115,95,130,85,788),(43,29,31,29,31,37,789),(43,29,131,29,131,37,790),(137,137,107,113,89,97,791),(137,113,89,137,107,97,792),(109,53,47,127,131,103,793),(107,139,139,53,53,79,794),(71,137,37,137,37,151,795),(83,89,71,173,71,83,796),(97,101,103,107,101,61,797),(59,181,131,59,31,109,798),(223,101,53,97,53,43,799),(97,107,101,127,89,79,800),(80,95,115,130,115,65,801),(90,125,80,90,90,125,802),(67,73,67,73,67,73,803),(73,73,73,127,73,121,804),(61,131,211,53,101,13,805),(53,127,53,151,79,107,806),(88,112,75,102,80,143,807),(46,65,65,55,35,34,808),(135,143,143,80,65,34,809),(50,65,50,40,40,65,810),(70,85,70,55,60,80,811),(100,125,90,60,70,85,812),(50,71,40,40,40,69,813),(65,86,60,55,60,94,814),(80,116,75,65,75,119,815),(50,40,40,70,40,70,816),(65,60,55,95,55,90,817),(70,85,65,125,65,120,818),(70,55,55,35,35,25,819),(120,95,95,55,75,20,820),(38,47,35,33,35,57,821),(68,67,55,43,55,77,822),(98,87,105,53,85,67,823),(25,20,20,25,45,45,824),(50,35,80,50,90,30,825),(60,45,110,80,120,90,826),(40,28,28,47,52,50,827),(70,58,58,87,92,90,828),(40,40,60,40,60,10,829),(60,50,90,80,120,60,830),(42,40,55,40,45,48,831),(72,80,100,60,90,88,832),(50,64,50,38,38,44,833),(90,115,90,48,68,74,834),(59,45,50,40,50,26,835),(69,90,60,90,60,121,836),(30,40,50,40,50,30,837),(80,60,90,60,70,50,838),(110,80,120,80,90,30,839),(40,40,80,40,40,20,840),(70,110,80,95,60,70,841),(110,85,80,100,80,30,842),(52,57,75,35,50,46,843),(72,107,125,65,70,71,844),(70,85,55,85,95,85,845),(41,63,40,40,30,66,846),(61,123,60,60,50,136,847),(40,38,35,54,35,40,848),(75,98,70,114,70,75,849),(50,65,45,50,50,45,850),(100,115,65,90,90,65,851),(50,68,60,50,50,32,852),(80,118,90,70,80,42,853),(40,45,45,74,54,50,854),(60,65,65,134,114,70,855),(42,30,45,56,53,39,856),(57,40,65,86,73,49,857),(57,90,95,136,103,29,858),(45,45,30,55,40,50,859),(65,60,45,75,55,70,860),(95,120,65,95,75,60,861),(93,90,101,60,81,95,862),(70,110,100,50,60,50,863),(60,95,50,145,130,30,864),(62,135,95,68,82,65,865),(80,85,75,110,100,70,866),(58,95,145,50,105,30,867),(45,40,40,50,61,34,868),(65,60,75,110,121,64,869),(65,100,100,70,60,75,870),(48,101,95,91,85,15,871),(30,25,35,45,30,20,872),(70,65,60,125,90,65,873),(100,125,135,20,20,70,874),(75,80,110,65,90,50,875),(60,65,55,105,95,95,876),(58,95,58,70,58,97,877),(72,80,49,40,49,40,878),(122,130,69,80,69,30,879),(90,100,90,80,70,75,880),(90,100,90,90,80,55,881),(90,90,100,70,80,75,882),(90,90,100,80,90,55,883),(70,95,115,120,50,85,884),(28,60,30,40,30,82,885),(68,80,50,60,50,102,886),(88,120,75,100,75,142,887),(92,120,115,80,115,138,888),(92,120,115,80,115,138,889),(140,85,95,145,95,130,890),(60,90,60,53,50,72,891),(100,130,100,63,60,97,892),(105,120,105,70,95,105,893),(80,100,50,100,50,200,894),(200,100,50,100,50,80,895),(100,145,130,65,110,30,896),(100,65,60,145,80,130,897),(100,80,80,80,80,80,898),(103,105,72,105,75,65,899),(70,135,95,45,70,85,900),(130,140,105,45,80,50,901),(120,112,65,80,75,78,902),(80,130,60,40,80,120,903),(85,115,95,65,65,85,904),(74,115,70,135,80,106,905),(40,61,54,45,45,65,906),(61,80,63,60,63,83,907),(76,110,70,81,70,123,908),(67,45,59,63,40,36,909),(81,55,78,90,58,49,910),(104,75,100,110,75,66,911),(55,65,45,50,45,50,912),(70,85,65,65,60,65,913),(85,120,80,85,75,85,914),(54,45,40,35,45,35,915),(110,100,75,59,80,65,916),(35,41,45,29,40,20,917),(60,79,92,52,86,35,918),(33,46,40,21,25,45,919),(71,102,78,52,55,92,920),(45,50,20,40,25,60,921),(60,75,40,50,40,85,922),(70,115,70,70,60,105,923),(50,50,45,40,45,75,924),(74,75,70,65,75,111,925),(37,55,70,30,55,65,926),(57,80,115,50,80,95,927),(41,35,45,58,51,30,928),(52,53,60,78,78,33,929),(78,69,90,125,109,39,930),(82,96,51,45,51,92,931),(55,55,75,35,35,25,932),(60,60,100,35,65,35,933),(100,100,130,45,90,35,934),(40,50,40,50,40,35,935),(85,60,100,125,80,75,936),(75,125,80,60,100,85,937),(61,31,41,59,35,45,938),(109,64,91,103,83,45,939),(40,40,35,55,40,70,940),(70,70,60,105,60,125,941),(60,78,60,40,51,51,942),(80,120,90,60,70,85,943),(40,65,35,40,35,75,944),(63,95,65,80,72,110,945),(40,65,30,45,35,60,946),(55,115,70,80,70,90,947),(40,40,35,50,100,70,948),(80,70,65,80,120,100,949),(70,100,115,35,55,75,950),(50,62,40,62,40,50,951),(65,108,65,108,65,75,952),(41,50,60,31,58,30,953),(75,50,85,115,100,45,954),(30,35,30,55,30,75,955),(95,60,60,101,60,105,956),(50,45,45,35,64,58,957),(65,55,55,45,82,78,958),(85,75,77,70,105,94,959),(10,55,25,35,25,95,960),(35,100,50,50,70,120,961),(70,103,85,60,85,82,962),(70,45,40,45,40,75,963),(100,70,72,53,62,100,964),(45,70,63,30,45,47,965),(80,119,90,54,67,90,966),(70,95,65,85,65,121,967),(70,85,145,60,55,65,968),(48,35,42,105,60,60,969),(83,55,90,130,81,86,970),(50,61,60,30,55,34,971),(72,101,100,50,97,68,972),(82,115,74,75,64,90,973),(108,68,45,30,40,43,974),(170,113,65,45,55,73,975),(90,102,73,78,65,70,976),(150,100,115,65,65,35,977),(68,50,60,120,95,82,978),(110,115,80,50,90,90,979),(130,75,60,45,100,20,980),(120,90,70,110,70,60,981),(125,100,80,85,75,55,982),(100,135,120,60,85,50,983),(115,131,131,53,53,87,984),(115,65,99,65,115,111,985),(111,127,99,79,99,55,986),(55,55,55,135,135,135,987),(85,135,79,85,105,81,988),(85,81,97,121,85,101,989),(90,112,120,72,70,106,990),(56,80,114,124,60,136,991),(154,140,108,50,68,50,992),(94,80,86,122,80,108,993),(80,70,60,140,110,110,994),(100,134,110,70,84,72,995),(65,75,45,35,45,55,996),(90,95,66,45,65,62,997),(115,145,92,75,86,87,998),(45,30,70,75,70,10,999),(87,60,95,133,91,84,1000),(85,85,100,95,135,70,1001),(80,120,80,90,65,135,1002),(155,110,125,55,80,45,1003),(55,80,80,135,120,100,1004),(105,139,71,55,101,119,1005),(74,130,90,120,60,116,1006),(100,135,115,85,100,135,1007),(100,85,100,135,115,135,1008),(99,83,91,125,83,109,1009),(90,130,88,70,108,104,1010),(80,80,110,95,80,40,1011),(40,45,45,74,54,50,1012),(71,60,106,121,80,70,1013),(88,128,115,58,86,80,1014),(88,75,66,130,90,106,1015),(88,91,82,70,125,99,1016),(80,120,84,60,96,110,1017),(52,52,84,60,96,110,1018);
/*!40000 ALTER TABLE `base_stats` ENABLE KEYS */;
UNLOCK TABLES;

--
-- Table structure for table `pokemon`
--

DROP TABLE IF EXISTS `pokemon`;
/*!40101 SET @saved_cs_client     = @@character_set_client */;
/*!50503 SET character_set_client = utf8mb4 */;
CREATE TABLE `pokemon` (
  `id` int NOT NULL AUTO_INCREMENT,
  `pok_name` varchar(79) NOT NULL,
  `pok_height` int DEFAULT NULL,
  `pok_weight` int DEFAULT NULL,
  `pok_base_experience` int DEFAULT NULL,
  `stats_id` int DEFAULT NULL,
  PRIMARY KEY (`id`),
  KEY `fk_stats_id` (`stats_id`),
  CONSTRAINT `fk_stats_id` FOREIGN KEY (`stats_id`) REFERENCES `base_stats` (`stats_id`)
) ENGINE=InnoDB AUTO_INCREMENT=1019 DEFAULT CHARSET=utf8mb3;
/*!40101 SET character_set_client = @saved_cs_client */;

--
-- Dumping data for table `pokemon`
--

LOCK TABLES `pokemon` WRITE;
/*!40000 ALTER TABLE `pokemon` DISABLE KEYS */;
INSERT INTO `pokemon` VALUES (1,'bulbasaur',7,69,64,1),(2,'ivysaur',10,130,142,2),(3,'venusaur',20,1000,236,3),(4,'charmander',6,85,62,4),(5,'charmeleon',11,190,142,5),(6,'charizard',17,905,240,6),(7,'squirtle',5,90,63,7),(8,'wartortle',10,225,142,8),(9,'blastoise',16,855,239,9),(10,'caterpie',3,29,39,10),(11,'metapod',7,99,72,11),(12,'butterfree',11,320,178,12),(13,'weedle',3,32,39,13),(14,'kakuna',6,100,72,14),(15,'beedrill',10,295,178,15),(16,'pidgey',3,18,50,16),(17,'pidgeotto',11,300,122,17),(18,'pidgeot',15,395,216,18),(19,'rattata',3,35,51,19),(20,'raticate',7,185,145,20),(21,'spearow',3,20,52,21),(22,'fearow',12,380,155,22),(23,'ekans',20,69,58,23),(24,'arbok',35,650,153,24),(25,'pikachu',4,60,112,25),(26,'raichu',8,300,218,26),(27,'sandshrew',6,120,60,27),(28,'sandslash',10,295,158,28),(29,'nidoran-f',4,70,55,29),(30,'nidorina',8,200,128,30),(31,'nidoqueen',13,600,227,31),(32,'nidoran-m',5,90,55,32),(33,'nidorino',9,195,128,33),(34,'nidoking',14,620,227,34),(35,'clefairy',6,75,113,35),(36,'clefable',13,400,217,36),(37,'vulpix',6,99,60,37),(38,'ninetales',11,199,177,38),(39,'jigglypuff',5,55,95,39),(40,'wigglytuff',10,120,196,40),(41,'zubat',8,75,49,41),(42,'golbat',16,550,159,42),(43,'oddish',5,54,64,43),(44,'gloom',8,86,138,44),(45,'vileplume',12,186,221,45),(46,'paras',3,54,57,46),(47,'parasect',10,295,142,47),(48,'venonat',10,300,61,48),(49,'venomoth',15,125,158,49),(50,'diglett',2,8,53,50),(51,'dugtrio',7,333,142,51),(52,'meowth',4,42,58,52),(53,'persian',10,320,154,53),(54,'psyduck',8,196,64,54),(55,'golduck',17,766,175,55),(56,'mankey',5,280,61,56),(57,'primeape',10,320,159,57),(58,'growlithe',7,190,70,58),(59,'arcanine',19,1550,194,59),(60,'poliwag',6,124,60,60),(61,'poliwhirl',10,200,135,61),(62,'poliwrath',13,540,230,62),(63,'abra',9,195,62,63),(64,'kadabra',13,565,140,64),(65,'alakazam',15,480,225,65),(66,'machop',8,195,61,66),(67,'machoke',15,705,142,67),(68,'machamp',16,1300,227,68),(69,'bellsprout',7,40,60,69),(70,'weepinbell',10,64,137,70),(71,'victreebel',17,155,221,71),(72,'tentacool',9,455,67,72),(73,'tentacruel',16,550,180,73),(74,'geodude',4,200,60,74),(75,'graveler',10,1050,137,75),(76,'golem',14,3000,223,76),(77,'ponyta',10,300,82,77),(78,'rapidash',17,950,175,78),(79,'slowpoke',12,360,63,79),(80,'slowbro',16,785,172,80),(81,'magnemite',3,60,65,81),(82,'magneton',10,600,163,82),(83,'farfetchd',8,150,123,83),(84,'doduo',14,392,62,84),(85,'dodrio',18,852,161,85),(86,'seel',11,900,65,86),(87,'dewgong',17,1200,166,87),(88,'grimer',9,300,65,88),(89,'muk',12,300,175,89),(90,'shellder',3,40,61,90),(91,'cloyster',15,1325,184,91),(92,'gastly',13,1,62,92),(93,'haunter',16,1,142,93),(94,'gengar',15,405,225,94),(95,'onix',88,2100,77,95),(96,'drowzee',10,324,66,96),(97,'hypno',16,756,169,97),(98,'krabby',4,65,65,98),(99,'kingler',13,600,166,99),(100,'voltorb',5,104,66,100),(101,'electrode',12,666,168,101),(102,'exeggcute',4,25,65,102),(103,'exeggutor',20,1200,182,103),(104,'cubone',4,65,64,104),(105,'marowak',10,450,149,105),(106,'hitmonlee',15,498,159,106),(107,'hitmonchan',14,502,159,107),(108,'lickitung',12,655,77,108),(109,'koffing',6,10,68,109),(110,'weezing',12,95,172,110),(111,'rhyhorn',10,1150,69,111),(112,'rhydon',19,1200,170,112),(113,'chansey',11,346,395,113),(114,'tangela',10,350,87,114),(115,'kangaskhan',22,800,172,115),(116,'horsea',4,80,59,116),(117,'seadra',12,250,154,117),(118,'goldeen',6,150,64,118),(119,'seaking',13,390,158,119),(120,'staryu',8,345,68,120),(121,'starmie',11,800,182,121),(122,'mr-mime',13,545,161,122),(123,'scyther',15,560,100,123),(124,'jynx',14,406,159,124),(125,'electabuzz',11,300,172,125),(126,'magmar',13,445,173,126),(127,'pinsir',15,550,175,127),(128,'tauros',14,884,172,128),(129,'magikarp',9,100,40,129),(130,'gyarados',65,2350,189,130),(131,'lapras',25,2200,187,131),(132,'ditto',3,40,101,132),(133,'eevee',3,65,65,133),(134,'vaporeon',10,290,184,134),(135,'jolteon',8,245,184,135),(136,'flareon',9,250,184,136),(137,'porygon',8,365,79,137),(138,'omanyte',4,75,71,138),(139,'omastar',10,350,173,139),(140,'kabuto',5,115,71,140),(141,'kabutops',13,405,173,141),(142,'aerodactyl',18,590,180,142),(143,'snorlax',21,4600,189,143),(144,'articuno',17,554,261,144),(145,'zapdos',16,526,261,145),(146,'moltres',20,600,261,146),(147,'dratini',18,33,60,147),(148,'dragonair',40,165,147,148),(149,'dragonite',22,2100,270,149),(150,'mewtwo',20,1220,306,150),(151,'mew',4,40,270,151),(152,'chikorita',9,64,64,152),(153,'bayleef',12,158,142,153),(154,'meganium',18,1005,236,154),(155,'cyndaquil',5,79,62,155),(156,'quilava',9,190,142,156),(157,'typhlosion',17,795,240,157),(158,'totodile',6,95,63,158),(159,'croconaw',11,250,142,159),(160,'feraligatr',23,888,239,160),(161,'sentret',8,60,43,161),(162,'furret',18,325,145,162),(163,'hoothoot',7,212,52,163),(164,'noctowl',16,408,155,164),(165,'ledyba',10,108,53,165),(166,'ledian',14,356,137,166),(167,'spinarak',5,85,50,167),(168,'ariados',11,335,137,168),(169,'crobat',18,750,241,169),(170,'chinchou',5,120,66,170),(171,'lanturn',12,225,161,171),(172,'pichu',3,20,41,172),(173,'cleffa',3,30,44,173),(174,'igglybuff',3,10,42,174),(175,'togepi',3,15,49,175),(176,'togetic',6,32,142,176),(177,'natu',2,20,64,177),(178,'xatu',15,150,165,178),(179,'mareep',6,78,56,179),(180,'flaaffy',8,133,128,180),(181,'ampharos',14,615,230,181),(182,'bellossom',4,58,221,182),(183,'marill',4,85,88,183),(184,'azumarill',8,285,189,184),(185,'sudowoodo',12,380,144,185),(186,'politoed',11,339,225,186),(187,'hoppip',4,5,50,187),(188,'skiploom',6,10,119,188),(189,'jumpluff',8,30,207,189),(190,'aipom',8,115,72,190),(191,'sunkern',3,18,36,191),(192,'sunflora',8,85,149,192),(193,'yanma',12,380,78,193),(194,'wooper',4,85,42,194),(195,'quagsire',14,750,151,195),(196,'espeon',9,265,184,196),(197,'umbreon',10,270,184,197),(198,'murkrow',5,21,81,198),(199,'slowking',20,795,172,199),(200,'misdreavus',7,10,87,200),(201,'unown',5,50,118,201),(202,'wobbuffet',13,285,142,202),(203,'girafarig',15,415,159,203),(204,'pineco',6,72,58,204),(205,'forretress',12,1258,163,205),(206,'dunsparce',15,140,145,206),(207,'gligar',11,648,86,207),(208,'steelix',92,4000,179,208),(209,'snubbull',6,78,60,209),(210,'granbull',14,487,158,210),(211,'qwilfish',5,39,86,211),(212,'scizor',18,1180,175,212),(213,'shuckle',6,205,177,213),(214,'heracross',15,540,175,214),(215,'sneasel',9,280,86,215),(216,'teddiursa',6,88,66,216),(217,'ursaring',18,1258,175,217),(218,'slugma',7,350,50,218),(219,'magcargo',8,550,144,219),(220,'swinub',4,65,50,220),(221,'piloswine',11,558,158,221),(222,'corsola',6,50,133,222),(223,'remoraid',6,120,60,223),(224,'octillery',9,285,168,224),(225,'delibird',9,160,116,225),(226,'mantine',21,2200,163,226),(227,'skarmory',17,505,163,227),(228,'houndour',6,108,66,228),(229,'houndoom',14,350,175,229),(230,'kingdra',18,1520,243,230),(231,'phanpy',5,335,66,231),(232,'donphan',11,1200,175,232),(233,'porygon2',6,325,180,233),(234,'stantler',14,712,163,234),(235,'smeargle',12,580,88,235),(236,'tyrogue',7,210,42,236),(237,'hitmontop',14,480,159,237),(238,'smoochum',4,60,61,238),(239,'elekid',6,235,72,239),(240,'magby',7,214,73,240),(241,'miltank',12,755,172,241),(242,'blissey',15,468,608,242),(243,'raikou',19,1780,261,243),(244,'entei',21,1980,261,244),(245,'suicune',20,1870,261,245),(246,'larvitar',6,720,60,246),(247,'pupitar',12,1520,144,247),(248,'tyranitar',20,2020,270,248),(249,'lugia',52,2160,306,249),(250,'ho-oh',38,1990,306,250),(251,'celebi',6,50,270,251),(252,'treecko',5,50,62,252),(253,'grovyle',9,216,142,253),(254,'sceptile',17,522,239,254),(255,'torchic',4,25,62,255),(256,'combusken',9,195,142,256),(257,'blaziken',19,520,239,257),(258,'mudkip',4,76,62,258),(259,'marshtomp',7,280,142,259),(260,'swampert',15,819,241,260),(261,'poochyena',5,136,44,261),(262,'mightyena',10,370,147,262),(263,'zigzagoon',4,175,48,263),(264,'linoone',5,325,147,264),(265,'wurmple',3,36,39,265),(266,'silcoon',6,100,72,266),(267,'beautifly',10,284,178,267),(268,'cascoon',7,115,41,268),(269,'dustox',12,316,135,269),(270,'lotad',5,26,44,270),(271,'lombre',12,325,119,271),(272,'ludicolo',15,550,216,272),(273,'seedot',5,40,44,273),(274,'nuzleaf',10,280,119,274),(275,'shiftry',13,596,216,275),(276,'taillow',3,23,54,276),(277,'swellow',7,198,151,277),(278,'wingull',6,95,54,278),(279,'pelipper',12,280,151,279),(280,'ralts',4,66,40,280),(281,'kirlia',8,202,97,281),(282,'gardevoir',16,484,233,282),(283,'surskit',5,17,54,283),(284,'masquerain',8,36,145,284),(285,'shroomish',4,45,59,285),(286,'breloom',12,392,161,286),(287,'slakoth',8,240,56,287),(288,'vigoroth',14,465,154,288),(289,'slaking',20,1305,252,289),(290,'nincada',5,55,53,290),(291,'ninjask',8,120,160,291),(292,'shedinja',8,12,83,292),(293,'whismur',6,163,48,293),(294,'loudred',10,405,126,294),(295,'exploud',15,840,221,295),(296,'makuhita',10,864,47,296),(297,'hariyama',23,2538,166,297),(298,'azurill',2,20,38,298),(299,'nosepass',10,970,75,299),(300,'skitty',6,110,52,300),(301,'delcatty',11,326,133,301),(302,'sableye',5,110,133,302),(303,'mawile',6,115,133,303),(304,'aron',4,600,66,304),(305,'lairon',9,1200,151,305),(306,'aggron',21,3600,239,306),(307,'meditite',6,112,56,307),(308,'medicham',13,315,144,308),(309,'electrike',6,152,59,309),(310,'manectric',15,402,166,310),(311,'plusle',4,42,142,311),(312,'minun',4,42,142,312),(313,'volbeat',7,177,140,313),(314,'illumise',6,177,140,314),(315,'roselia',3,20,140,315),(316,'gulpin',4,103,60,316),(317,'swalot',17,800,163,317),(318,'carvanha',8,208,61,318),(319,'sharpedo',18,888,161,319),(320,'wailmer',20,1300,80,320),(321,'wailord',145,3980,175,321),(322,'numel',7,240,61,322),(323,'camerupt',19,2200,161,323),(324,'torkoal',5,804,165,324),(325,'spoink',7,306,66,325),(326,'grumpig',9,715,165,326),(327,'spinda',11,50,126,327),(328,'trapinch',7,150,58,328),(329,'vibrava',11,153,119,329),(330,'flygon',20,820,234,330),(331,'cacnea',4,513,67,331),(332,'cacturne',13,774,166,332),(333,'swablu',4,12,62,333),(334,'altaria',11,206,172,334),(335,'zangoose',13,403,160,335),(336,'seviper',27,525,160,336),(337,'lunatone',10,1680,154,337),(338,'solrock',12,1540,154,338),(339,'barboach',4,19,58,339),(340,'whiscash',9,236,164,340),(341,'corphish',6,115,62,341),(342,'crawdaunt',11,328,164,342),(343,'baltoy',5,215,60,343),(344,'claydol',15,1080,175,344),(345,'lileep',10,238,71,345),(346,'cradily',15,604,173,346),(347,'anorith',7,125,71,347),(348,'armaldo',15,682,173,348),(349,'feebas',6,74,40,349),(350,'milotic',62,1620,189,350),(351,'castform',3,8,147,351),(352,'kecleon',10,220,154,352),(353,'shuppet',6,23,59,353),(354,'banette',11,125,159,354),(355,'duskull',8,150,59,355),(356,'dusclops',16,306,159,356),(357,'tropius',20,1000,161,357),(358,'chimecho',6,10,149,358),(359,'absol',12,470,163,359),(360,'wynaut',6,140,52,360),(361,'snorunt',7,168,60,361),(362,'glalie',15,2565,168,362),(363,'spheal',8,395,58,363),(364,'sealeo',11,876,144,364),(365,'walrein',14,1506,239,365),(366,'clamperl',4,525,69,366),(367,'huntail',17,270,170,367),(368,'gorebyss',18,226,170,368),(369,'relicanth',10,234,170,369),(370,'luvdisc',6,87,116,370),(371,'bagon',6,421,60,371),(372,'shelgon',11,1105,147,372),(373,'salamence',15,1026,270,373),(374,'beldum',6,952,60,374),(375,'metang',12,2025,147,375),(376,'metagross',16,5500,270,376),(377,'regirock',17,2300,261,377),(378,'regice',18,1750,261,378),(379,'registeel',19,2050,261,379),(380,'latias',14,400,270,380),(381,'latios',20,600,270,381),(382,'kyogre',45,3520,302,382),(383,'groudon',35,9500,302,383),(384,'rayquaza',70,2065,306,384),(385,'jirachi',3,11,270,385),(386,'deoxys-normal',17,608,270,386),(387,'turtwig',4,102,64,387),(388,'grotle',11,970,142,388),(389,'torterra',22,3100,236,389),(390,'chimchar',5,62,62,390),(391,'monferno',9,220,142,391),(392,'infernape',12,550,240,392),(393,'piplup',4,52,63,393),(394,'prinplup',8,230,142,394),(395,'empoleon',17,845,239,395),(396,'starly',3,20,49,396),(397,'staravia',6,155,119,397),(398,'staraptor',12,249,218,398),(399,'bidoof',5,200,50,399),(400,'bibarel',10,315,144,400),(401,'kricketot',3,22,39,401),(402,'kricketune',10,255,134,402),(403,'shinx',5,95,53,403),(404,'luxio',9,305,127,404),(405,'luxray',14,420,235,405),(406,'budew',2,12,56,406),(407,'roserade',9,145,232,407),(408,'cranidos',9,315,70,408),(409,'rampardos',16,1025,173,409),(410,'shieldon',5,570,70,410),(411,'bastiodon',13,1495,173,411),(412,'burmy',2,34,45,412),(413,'wormadam-plant',5,65,148,413),(414,'mothim',9,233,148,414),(415,'combee',3,55,49,415),(416,'vespiquen',12,385,166,416),(417,'pachirisu',4,39,142,417),(418,'buizel',7,295,66,418),(419,'floatzel',11,335,173,419),(420,'cherubi',4,33,55,420),(421,'cherrim',5,93,158,421),(422,'shellos',3,63,65,422),(423,'gastrodon',9,299,166,423),(424,'ambipom',12,203,169,424),(425,'drifloon',4,12,70,425),(426,'drifblim',12,150,174,426),(427,'buneary',4,55,70,427),(428,'lopunny',12,333,168,428),(429,'mismagius',9,44,173,429),(430,'honchkrow',9,273,177,430),(431,'glameow',5,39,62,431),(432,'purugly',10,438,158,432),(433,'chingling',2,6,57,433),(434,'stunky',4,192,66,434),(435,'skuntank',10,380,168,435),(436,'bronzor',5,605,60,436),(437,'bronzong',13,1870,175,437),(438,'bonsly',5,150,58,438),(439,'mime-jr',6,130,62,439),(440,'happiny',6,244,110,440),(441,'chatot',5,19,144,441),(442,'spiritomb',10,1080,170,442),(443,'gible',7,205,60,443),(444,'gabite',14,560,144,444),(445,'garchomp',19,950,270,445),(446,'munchlax',6,1050,78,446),(447,'riolu',7,202,57,447),(448,'lucario',12,540,184,448),(449,'hippopotas',8,495,66,449),(450,'hippowdon',20,3000,184,450),(451,'skorupi',8,120,66,451),(452,'drapion',13,615,175,452),(453,'croagunk',7,230,60,453),(454,'toxicroak',13,444,172,454),(455,'carnivine',14,270,159,455),(456,'finneon',4,70,66,456),(457,'lumineon',12,240,161,457),(458,'mantyke',10,650,69,458),(459,'snover',10,505,67,459),(460,'abomasnow',22,1355,173,460),(461,'weavile',11,340,179,461),(462,'magnezone',12,1800,241,462),(463,'lickilicky',17,1400,180,463),(464,'rhyperior',24,2828,241,464),(465,'tangrowth',20,1286,187,465),(466,'electivire',18,1386,243,466),(467,'magmortar',16,680,243,467),(468,'togekiss',15,380,245,468),(469,'yanmega',19,515,180,469),(470,'leafeon',10,255,184,470),(471,'glaceon',8,259,184,471),(472,'gliscor',20,425,179,472),(473,'mamoswine',25,2910,239,473),(474,'porygon-z',9,340,241,474),(475,'gallade',16,520,233,475),(476,'probopass',14,3400,184,476),(477,'dusknoir',22,1066,236,477),(478,'froslass',13,266,168,478),(479,'rotom',3,3,154,479),(480,'uxie',3,3,261,480),(481,'mesprit',3,3,261,481),(482,'azelf',3,3,261,482),(483,'dialga',54,6830,306,483),(484,'palkia',42,3360,306,484),(485,'heatran',17,4300,270,485),(486,'regigigas',37,4200,302,486),(487,'giratina-altered',45,7500,306,487),(488,'cresselia',15,856,270,488),(489,'phione',4,31,216,489),(490,'manaphy',3,14,270,490),(491,'darkrai',15,505,270,491),(492,'shaymin-land',2,21,270,492),(493,'arceus',32,3200,324,493),(494,'victini',4,40,270,494),(495,'snivy',6,81,62,495),(496,'servine',8,160,145,496),(497,'serperior',33,630,238,497),(498,'tepig',5,99,62,498),(499,'pignite',10,555,146,499),(500,'emboar',16,1500,238,500),(501,'oshawott',5,59,62,501),(502,'dewott',8,245,145,502),(503,'samurott',15,946,238,503),(504,'patrat',5,116,51,504),(505,'watchog',11,270,147,505),(506,'lillipup',4,41,55,506),(507,'herdier',9,147,130,507),(508,'stoutland',12,610,225,508),(509,'purrloin',4,101,56,509),(510,'liepard',11,375,156,510),(511,'pansage',6,105,63,511),(512,'simisage',11,305,174,512),(513,'pansear',6,110,63,513),(514,'simisear',10,280,174,514),(515,'panpour',6,135,63,515),(516,'simipour',10,290,174,516),(517,'munna',6,233,58,517),(518,'musharna',11,605,170,518),(519,'pidove',3,21,53,519),(520,'tranquill',6,150,125,520),(521,'unfezant',12,290,220,521),(522,'blitzle',8,298,59,522),(523,'zebstrika',16,795,174,523),(524,'roggenrola',4,180,56,524),(525,'boldore',9,1020,137,525),(526,'gigalith',17,2600,232,526),(527,'woobat',4,21,63,527),(528,'swoobat',9,105,149,528),(529,'drilbur',3,85,66,529),(530,'excadrill',7,404,178,530),(531,'audino',11,310,390,531),(532,'timburr',6,125,61,532),(533,'gurdurr',12,400,142,533),(534,'conkeldurr',14,870,227,534),(535,'tympole',5,45,59,535),(536,'palpitoad',8,170,134,536),(537,'seismitoad',15,620,229,537),(538,'throh',13,555,163,538),(539,'sawk',14,510,163,539),(540,'sewaddle',3,25,62,540),(541,'swadloon',5,73,133,541),(542,'leavanny',12,205,225,542),(543,'venipede',4,53,52,543),(544,'whirlipede',12,585,126,544),(545,'scolipede',25,2005,218,545),(546,'cottonee',3,6,56,546),(547,'whimsicott',7,66,168,547),(548,'petilil',5,66,56,548),(549,'lilligant',11,163,168,549),(550,'basculin-red-striped',10,180,161,550),(551,'sandile',7,152,58,551),(552,'krokorok',10,334,123,552),(553,'krookodile',15,963,234,553),(554,'darumaka',6,375,63,554),(555,'darmanitan-standard',13,929,168,555),(556,'maractus',10,280,161,556),(557,'dwebble',3,145,65,557),(558,'crustle',14,2000,166,558),(559,'scraggy',6,118,70,559),(560,'scrafty',11,300,171,560),(561,'sigilyph',14,140,172,561),(562,'yamask',5,15,61,562),(563,'cofagrigus',17,765,169,563),(564,'tirtouga',7,165,71,564),(565,'carracosta',12,810,173,565),(566,'archen',5,95,71,566),(567,'archeops',14,320,177,567),(568,'trubbish',6,310,66,568),(569,'garbodor',19,1073,166,569),(570,'zorua',7,125,66,570),(571,'zoroark',16,811,179,571),(572,'minccino',4,58,60,572),(573,'cinccino',5,75,165,573),(574,'gothita',4,58,58,574),(575,'gothorita',7,180,137,575),(576,'gothitelle',15,440,221,576),(577,'solosis',3,10,58,577),(578,'duosion',6,80,130,578),(579,'reuniclus',10,201,221,579),(580,'ducklett',5,55,61,580),(581,'swanna',13,242,166,581),(582,'vanillite',4,57,61,582),(583,'vanillish',11,410,138,583),(584,'vanilluxe',13,575,241,584),(585,'deerling',6,195,67,585),(586,'sawsbuck',19,925,166,586),(587,'emolga',4,50,150,587),(588,'karrablast',5,59,63,588),(589,'escavalier',10,330,173,589),(590,'foongus',2,10,59,590),(591,'amoonguss',6,105,162,591),(592,'frillish',12,330,67,592),(593,'jellicent',22,1350,168,593),(594,'alomomola',12,316,165,594),(595,'joltik',1,6,64,595),(596,'galvantula',8,143,165,596),(597,'ferroseed',6,188,61,597),(598,'ferrothorn',10,1100,171,598),(599,'klink',3,210,60,599),(600,'klang',6,510,154,600),(601,'klinklang',6,810,234,601),(602,'tynamo',2,3,55,602),(603,'eelektrik',12,220,142,603),(604,'eelektross',21,805,232,604),(605,'elgyem',5,90,67,605),(606,'beheeyem',10,345,170,606),(607,'litwick',3,31,55,607),(608,'lampent',6,130,130,608),(609,'chandelure',10,343,234,609),(610,'axew',6,180,64,610),(611,'fraxure',10,360,144,611),(612,'haxorus',18,1055,243,612),(613,'cubchoo',5,85,61,613),(614,'beartic',26,2600,170,614),(615,'cryogonal',11,1480,170,615),(616,'shelmet',4,77,61,616),(617,'accelgor',8,253,173,617),(618,'stunfisk',7,110,165,618),(619,'mienfoo',9,200,70,619),(620,'mienshao',14,355,179,620),(621,'druddigon',16,1390,170,621),(622,'golett',10,920,61,622),(623,'golurk',28,3300,169,623),(624,'pawniard',5,102,68,624),(625,'bisharp',16,700,172,625),(626,'bouffalant',16,946,172,626),(627,'rufflet',5,105,70,627),(628,'braviary',15,410,179,628),(629,'vullaby',5,90,74,629),(630,'mandibuzz',12,395,179,630),(631,'heatmor',14,580,169,631),(632,'durant',3,330,169,632),(633,'deino',8,173,60,633),(634,'zweilous',14,500,147,634),(635,'hydreigon',18,1600,270,635),(636,'larvesta',11,288,72,636),(637,'volcarona',16,460,248,637),(638,'cobalion',21,2500,261,638),(639,'terrakion',19,2600,261,639),(640,'virizion',20,2000,261,640),(641,'tornadus-incarnate',15,630,261,641),(642,'thundurus-incarnate',15,610,261,642),(643,'reshiram',32,3300,306,643),(644,'zekrom',29,3450,306,644),(645,'landorus-incarnate',15,680,270,645),(646,'kyurem',30,3250,297,646),(647,'keldeo-ordinary',14,485,261,647),(648,'meloetta-aria',6,65,270,648),(649,'genesect',15,825,270,649),(650,'chespin',4,90,63,650),(651,'quilladin',7,290,142,651),(652,'chesnaught',16,900,239,652),(653,'fennekin',4,94,61,653),(654,'braixen',10,145,143,654),(655,'delphox',15,390,240,655),(656,'froakie',3,70,63,656),(657,'frogadier',6,109,142,657),(658,'greninja',15,400,239,658),(659,'bunnelby',4,50,47,659),(660,'diggersby',10,424,148,660),(661,'fletchling',3,17,56,661),(662,'fletchinder',7,160,134,662),(663,'talonflame',12,245,175,663),(664,'scatterbug',3,25,40,664),(665,'spewpa',3,84,75,665),(666,'vivillon',12,170,185,666),(667,'litleo',6,135,74,667),(668,'pyroar',15,815,177,668),(669,'flabebe',1,1,61,669),(670,'floette',2,9,130,670),(671,'florges',11,100,248,671),(672,'skiddo',9,310,70,672),(673,'gogoat',17,910,186,673),(674,'pancham',6,80,70,674),(675,'pangoro',21,1360,173,675),(676,'furfrou',12,280,165,676),(677,'espurr',3,35,71,677),(678,'meowstic-male',6,85,163,678),(679,'honedge',8,20,65,679),(680,'doublade',8,45,157,680),(681,'aegislash-shield',17,530,234,681),(682,'spritzee',2,5,68,682),(683,'aromatisse',8,155,162,683),(684,'swirlix',4,35,68,684),(685,'slurpuff',8,50,168,685),(686,'inkay',4,35,58,686),(687,'malamar',15,470,169,687),(688,'binacle',5,310,61,688),(689,'barbaracle',13,960,175,689),(690,'skrelp',5,73,64,690),(691,'dragalge',18,815,173,691),(692,'clauncher',5,83,66,692),(693,'clawitzer',13,353,100,693),(694,'helioptile',5,60,58,694),(695,'heliolisk',10,210,168,695),(696,'tyrunt',8,260,72,696),(697,'tyrantrum',25,2700,182,697),(698,'amaura',13,252,72,698),(699,'aurorus',27,2250,104,699),(700,'sylveon',10,235,184,700),(701,'hawlucha',8,215,175,701),(702,'dedenne',2,22,151,702),(703,'carbink',3,57,100,703),(704,'goomy',3,28,60,704),(705,'sliggoo',8,175,158,705),(706,'goodra',20,1505,270,706),(707,'klefki',2,30,165,707),(708,'phantump',4,70,62,708),(709,'trevenant',15,710,166,709),(710,'pumpkaboo-average',4,50,67,710),(711,'gourgeist-average',9,125,173,711),(712,'bergmite',10,995,61,712),(713,'avalugg',20,5050,180,713),(714,'noibat',5,80,49,714),(715,'noivern',15,850,187,715),(716,'xerneas',30,2150,306,716),(717,'yveltal',58,2030,306,717),(718,'zygarde',50,3050,270,718),(719,'diancie',7,88,270,719),(720,'hoopa',5,90,270,720),(721,'volcanion',17,1950,270,721),(722,'rowlet',3,15,64,722),(723,'dartrix',7,160,147,723),(724,'decidueye',16,366,265,724),(725,'litten',4,43,64,725),(726,'torracat',7,250,147,726),(727,'incineroar',18,830,265,727),(728,'popplio',4,75,64,728),(729,'brionne',6,175,147,729),(730,'primarina',18,440,265,730),(731,'pikipek',3,12,53,731),(732,'trumbeak',6,148,124,732),(733,'toucannon',11,260,218,733),(734,'yungoos',4,60,51,734),(735,'gumshoos',7,142,146,735),(736,'grubbin',4,44,60,736),(737,'charjabug',5,105,140,737),(738,'vikavolt',15,450,250,738),(739,'crabrawler',6,70,68,739),(740,'crabominable',17,1800,167,740),(741,'oricorio',6,34,167,741),(742,'cutiefly',1,2,61,742),(743,'ribombee',2,5,162,743),(744,'rockruff',5,92,56,744),(745,'lycanroc',8,250,170,745),(746,'wishiwashi',2,3,61,746),(747,'mareanie',4,80,61,747),(748,'toxapex',7,145,173,748),(749,'mudbray',10,1100,77,749),(750,'mudsdale',25,9200,175,750),(751,'dewpider',3,40,54,751),(752,'araquanid',18,820,159,752),(753,'fomantis',3,15,50,753),(754,'lurantis',9,185,168,754),(755,'morelull',2,15,57,755),(756,'shiinotic',10,115,142,756),(757,'salandit',6,48,64,757),(758,'salazzle',12,222,168,758),(759,'stufful',5,68,68,759),(760,'bewear',21,1350,175,760),(761,'bounsweet',3,32,42,761),(762,'steenee',7,82,102,762),(763,'tsareena',12,214,255,763),(764,'comfey',1,3,170,764),(765,'oranguru',15,760,172,765),(766,'passimian',20,828,172,766),(767,'wimpod',5,120,46,767),(768,'golisopod',20,1080,186,768),(769,'sandygast',5,700,64,769),(770,'palossand',13,2500,168,770),(771,'pyukumuku',3,12,144,771),(772,'type-null',19,1205,107,772),(773,'silvally',23,1005,285,773),(774,'minior',3,400,154,774),(775,'komala',4,199,168,775),(776,'turtonator',20,2120,170,776),(777,'togedemaru',3,33,152,777),(778,'mimikyu',2,7,167,778),(779,'bruxish',9,190,166,779),(780,'drampa',30,1850,170,780),(781,'dhelmise',39,2100,181,781),(782,'jangmo-o',6,297,60,782),(783,'hakamo-o',12,470,147,783),(784,'kommo-o',16,782,300,784),(785,'tapu-koko',18,205,285,785),(786,'tapu-lele',12,186,285,786),(787,'tapu-bulu',19,455,285,787),(788,'tapu-fini',13,212,285,788),(789,'cosmog',2,1,40,789),(790,'cosmoem',1,9999,140,790),(791,'solgaleo',34,2300,340,791),(792,'lunala',40,1200,340,792),(793,'nihilego',12,555,285,793),(794,'buzzwole',24,3336,285,794),(795,'pheromosa',18,250,285,795),(796,'xurkitree',38,1000,285,796),(797,'celesteela',92,9999,285,797),(798,'kartana',3,1,285,798),(799,'guzzlord',55,8880,285,799),(800,'necrozma',24,2300,300,800),(801,'magearna',10,805,300,801),(802,'marshadow',7,222,300,802),(803,'poipole',6,18,210,803),(804,'naganadel',36,1500,270,804),(805,'stakataka',55,8200,285,805),(806,'blacephalon',18,130,285,806),(807,'zeraora',15,445,300,807),(808,'meltan',2,80,150,808),(809,'melmetal',25,8000,300,809),(810,'grookey',3,50,62,810),(811,'thwackey',7,140,147,811),(812,'rillaboom',21,900,265,812),(813,'scorbunny',3,45,62,813),(814,'raboot',6,90,147,814),(815,'cinderace',14,330,265,815),(816,'sobble',3,40,62,816),(817,'drizzile',7,115,147,817),(818,'inteleon',19,452,265,818),(819,'skwovet',3,25,55,819),(820,'greedent',6,60,161,820),(821,'rookidee',2,18,49,821),(822,'corvisquire',8,160,128,822),(823,'corviknight',22,750,248,823),(824,'blipbug',4,80,36,824),(825,'dottler',4,195,117,825),(826,'orbeetle',4,408,253,826),(827,'nickit',6,89,49,827),(828,'thievul',12,199,159,828),(829,'gossifleur',4,22,50,829),(830,'eldegoss',5,25,161,830),(831,'wooloo',6,60,122,831),(832,'dubwool',13,430,172,832),(833,'chewtle',3,85,57,833),(834,'drednaw',10,1155,170,834),(835,'yamper',3,135,54,835),(836,'boltund',10,340,172,836),(837,'rolycoly',3,120,48,837),(838,'carkol',11,780,144,838),(839,'coalossal',28,3105,255,839),(840,'applin',2,5,52,840),(841,'flapple',3,10,170,841),(842,'appletun',4,130,170,842),(843,'silicobra',22,76,63,843),(844,'sandaconda',38,655,179,844),(845,'cramorant',8,180,166,845),(846,'arrokuda',5,10,56,846),(847,'barraskewda',13,300,172,847),(848,'toxel',4,110,48,848),(849,'toxtricity-amped',16,400,176,849),(850,'sizzlipede',7,10,61,850),(851,'centiskorch',30,1200,184,851),(852,'clobbopus',6,40,62,852),(853,'grapploct',16,390,168,853),(854,'sinistea',1,2,62,854),(855,'polteageist',2,4,178,855),(856,'hatenna',4,34,53,856),(857,'hattrem',6,48,130,857),(858,'hatterene',21,51,255,858),(859,'impidimp',4,55,53,859),(860,'morgrem',8,125,130,860),(861,'grimmsnarl',15,610,255,861),(862,'obstagoon',16,460,260,862),(863,'perrserker',8,280,154,863),(864,'cursola',10,4,179,864),(865,'sirfetchd',8,1170,177,865),(866,'mr-rime',15,582,182,866),(867,'runerigus',16,666,169,867),(868,'milcery',2,3,54,868),(869,'alcremie',3,5,173,869),(870,'falinks',30,620,165,870),(871,'pincurchin',3,10,152,871),(872,'snom',3,38,37,872),(873,'frosmoth',13,420,166,873),(874,'stonjourner',25,5200,165,874),(875,'eiscue-ice',14,890,165,875),(876,'indeedee-male',9,280,166,876),(877,'morpeko-full-belly',3,30,153,877),(878,'cufant',12,1000,66,878),(879,'copperajah',30,6500,175,879),(880,'dracozolt',18,1900,177,880),(881,'arctozolt',23,1500,177,881),(882,'dracovish',23,2150,177,882),(883,'arctovish',20,1750,177,883),(884,'duraludon',18,400,187,884),(885,'dreepy',5,20,54,885),(886,'drakloak',14,110,144,886),(887,'dragapult',30,500,300,887),(888,'zacian',28,1100,335,888),(889,'zamazenta',29,2100,335,889),(890,'eternatus',200,9500,345,890),(891,'kubfu',6,120,77,891),(892,'urshifu-single-strike',19,1050,275,892),(893,'zarude',18,700,300,893),(894,'regieleki',12,1450,290,894),(895,'regidrago',21,2000,290,895),(896,'glastrier',22,8000,290,896),(897,'spectrier',20,445,290,897),(898,'calyrex',11,77,250,898),(899,'wyrdeer',18,951,0,899),(900,'kleavor',18,890,0,900),(901,'ursaluna',24,2900,0,901),(902,'basculegion',30,1100,0,902),(903,'sneasler',13,430,0,903),(904,'overqwil',25,605,0,904),(905,'enamorus',16,480,0,905),(906,'sprigatito',4,41,0,906),(907,'floragato',9,122,0,907),(908,'meowscarada',15,312,0,908),(909,'fuecoco',4,98,0,909),(910,'crocalor',10,307,0,910),(911,'skeledirge',16,3265,0,911),(912,'quaxly',5,61,0,912),(913,'quaxwell',12,215,0,913),(914,'quaquaval',18,619,0,914),(915,'lechonk',5,102,0,915),(916,'oinkologne',10,1200,0,916),(917,'tarountula',3,40,0,917),(918,'spidops',10,165,0,918),(919,'nymble',2,10,0,919),(920,'lokix',10,175,0,920),(921,'pawmi',3,25,0,921),(922,'pawmo',4,65,0,922),(923,'pawmot',9,410,0,923),(924,'tandemaus',3,18,0,924),(925,'maushold',3,23,0,925),(926,'fidough',3,109,0,926),(927,'dachsbun',5,149,0,927),(928,'smoliv',3,65,0,928),(929,'dolliv',6,119,0,929),(930,'arboliva',14,482,0,930),(931,'squawkabilly',6,24,0,931),(932,'nacli',4,160,0,932),(933,'naclstack',6,1050,0,933),(934,'garganacl',23,2400,0,934),(935,'charcadet',6,105,0,935),(936,'armarouge',15,850,0,936),(937,'ceruledge',16,620,0,937),(938,'tadbulb',3,4,0,938),(939,'bellibolt',12,1130,0,939),(940,'wattrel',4,36,0,940),(941,'kilowattrel',14,386,0,941),(942,'maschiff',5,160,0,942),(943,'mabosstiff',11,610,0,943),(944,'shroodle',2,7,0,944),(945,'grafaiai',7,272,0,945),(946,'bramblin',6,6,0,946),(947,'brambleghast',12,60,0,947),(948,'toedscool',9,330,0,948),(949,'toedscruel',19,580,0,949),(950,'klawf',13,790,0,950),(951,'capsakid',3,30,0,951),(952,'scovillain',9,150,0,952),(953,'rellor',2,10,0,953),(954,'rabsca',3,35,0,954),(955,'flittle',2,15,0,955),(956,'espathra',19,900,0,956),(957,'tinkatink',4,89,0,957),(958,'tinkatuff',7,591,0,958),(959,'tinkaton',7,1128,0,959),(960,'wiglett',12,18,0,960),(961,'wugtrio',12,54,0,961),(962,'bombirdier',15,429,0,962),(963,'finizen',13,602,0,963),(964,'palafin',13,602,0,964),(965,'varoom',10,350,0,965),(966,'revavroom',18,1200,0,966),(967,'cyclizar',16,630,0,967),(968,'orthworm',25,3100,0,968),(969,'glimmet',7,80,0,969),(970,'glimmora',15,450,0,970),(971,'greavard',6,350,0,971),(972,'houndstone',20,150,0,972),(973,'flamigo',16,370,0,973),(974,'cetoddle',12,450,0,974),(975,'cetitan',45,7000,0,975),(976,'veluza',25,900,0,976),(977,'dondozo',120,2200,0,977),(978,'tatsugiri',3,80,0,978),(979,'annihilape',12,560,0,979),(980,'clodsire',18,2230,0,980),(981,'farigiraf',32,1600,0,981),(982,'dudunsparce',36,392,0,982),(983,'kingambit',20,1200,0,983),(984,'great-tusk',22,3200,0,984),(985,'scream-tail',12,80,0,985),(986,'brute-bonnet',12,210,0,986),(987,'flutter-mane',14,40,0,987),(988,'slither-wing',32,920,0,988),(989,'sandy-shocks',23,600,0,989),(990,'iron-treads',9,2400,0,990),(991,'iron-bundle',6,110,0,991),(992,'iron-hands',18,3807,0,992),(993,'iron-jugulis',13,1110,0,993),(994,'iron-moth',12,360,0,994),(995,'iron-thorns',16,3030,0,995),(996,'frigibax',5,170,0,996),(997,'arctibax',8,300,0,997),(998,'baxcalibur',21,2100,0,998),(999,'gimmighoul',3,50,0,999),(1000,'gholdengo',12,300,0,1000),(1001,'wo-chien',15,742,0,1001),(1002,'chien-pao',19,1522,0,1002),(1003,'ting-lu',27,6997,0,1003),(1004,'chi-yu',4,49,0,1004),(1005,'roaring-moon',20,3800,0,1005),(1006,'iron-valiant',14,350,0,1006),(1007,'koraidon',25,3030,0,1007),(1008,'miraidon',35,2400,0,1008),(1009,'walking-wake',35,2800,0,1009),(1010,'iron-leaves',15,1250,0,1010),(1011,'dipplin',4,97,0,1011),(1012,'poltchageist',1,11,0,1012),(1013,'sinistcha',2,22,0,1013),(1014,'okidogi',18,922,0,1014),(1015,'munkidori',10,122,0,1015),(1016,'fezandipiti',14,301,0,1016),(1017,'ogerpon',12,398,0,1017),(1018,'ogerpon3',13,562,1,1018);
/*!40000 ALTER TABLE `pokemon` ENABLE KEYS */;
UNLOCK TABLES;
/*!50003 SET @saved_cs_client      = @@character_set_client */ ;
/*!50003 SET @saved_cs_results     = @@character_set_results */ ;
/*!50003 SET @saved_col_connection = @@collation_connection */ ;
/*!50003 SET character_set_client  = utf8mb3 */ ;
/*!50003 SET character_set_results = utf8mb3 */ ;
/*!50003 SET collation_connection  = utf8mb3_general_ci */ ;
/*!50003 SET @saved_sql_mode       = @@sql_mode */ ;
/*!50003 SET sql_mode              = 'STRICT_TRANS_TABLES,NO_ENGINE_SUBSTITUTION' */ ;
DELIMITER ;;
/*!50003 CREATE*/ /*!50017 DEFINER=`root`@`localhost`*/ /*!50003 TRIGGER `NEW_POKEMON` BEFORE INSERT ON `pokemon` FOR EACH ROW BEGIN 
	IF NEW.pok_height < 0 THEN
		SET NEW.pok_height = 0;
	END IF;
	IF NEW.pok_weight < 0 THEN
		SET NEW.pok_weight = 0;
	END IF;
	IF NEW.pok_base_experience < 0 THEN
		SET NEW.pok_base_experience = 0;
	END IF; 
	END */;;
DELIMITER ;
/*!50003 SET sql_mode              = @saved_sql_mode */ ;
/*!50003 SET character_set_client  = @saved_cs_client */ ;
/*!50003 SET character_set_results = @saved_cs_results */ ;
/*!50003 SET collation_connection  = @saved_col_connection */ ;

--
-- Table structure for table `pokemon_types`
--

DROP TABLE IF EXISTS `pokemon_types`;
/*!40101 SET @saved_cs_client     = @@character_set_client */;
/*!50503 SET character_set_client = utf8mb4 */;
CREATE TABLE `pokemon_types` (
  `pok_id` int DEFAULT NULL,
  `type_id` int DEFAULT NULL,
  `slot` int NOT NULL,
  `pt_id` int NOT NULL AUTO_INCREMENT,
  PRIMARY KEY (`pt_id`),
  KEY `type_id` (`type_id`),
  KEY `fk_pokemon_types_pok_id` (`pok_id`),
  CONSTRAINT `fk_pokemon_types_pok_id` FOREIGN KEY (`pok_id`) REFERENCES `pokemon` (`id`),
  CONSTRAINT `fk_pokemon_types_type_id` FOREIGN KEY (`type_id`) REFERENCES `types` (`type_id`)
) ENGINE=InnoDB AUTO_INCREMENT=1692 DEFAULT CHARSET=utf8mb3;
/*!40101 SET character_set_client = @saved_cs_client */;

--
-- Dumping data for table `pokemon_types`
--

LOCK TABLES `pokemon_types` WRITE;
/*!40000 ALTER TABLE `pokemon_types` DISABLE KEYS */;
INSERT INTO `pokemon_types` VALUES (1,12,1,1),(1,4,2,2),(2,12,1,3),(2,4,2,4),(3,12,1,5),(3,4,2,6),(4,10,1,7),(5,10,1,8),(6,10,1,9),(6,3,2,10),(7,11,1,11),(8,11,1,12),(9,11,1,13),(10,7,1,14),(11,7,1,15),(12,7,1,16),(12,3,2,17),(13,7,1,18),(13,4,2,19),(14,7,1,20),(14,4,2,21),(15,7,1,22),(15,4,2,23),(16,1,1,24),(16,3,2,25),(17,1,1,26),(17,3,2,27),(18,1,1,28),(18,3,2,29),(19,1,1,30),(20,1,1,31),(21,1,1,32),(21,3,2,33),(22,1,1,34),(22,3,2,35),(23,4,1,36),(24,4,1,37),(25,13,1,38),(26,13,1,39),(27,5,1,40),(28,5,1,41),(29,4,1,42),(30,4,1,43),(31,4,1,44),(31,5,2,45),(32,4,1,46),(33,4,1,47),(34,4,1,48),(34,5,2,49),(35,18,1,50),(36,18,1,51),(37,10,1,52),(38,10,1,53),(39,1,1,54),(39,18,2,55),(40,1,1,56),(40,18,2,57),(41,4,1,58),(41,3,2,59),(42,4,1,60),(42,3,2,61),(43,12,1,62),(43,4,2,63),(44,12,1,64),(44,4,2,65),(45,12,1,66),(45,4,2,67),(46,7,1,68),(46,12,2,69),(47,7,1,70),(47,12,2,71),(48,7,1,72),(48,4,2,73),(49,7,1,74),(49,4,2,75),(50,5,1,76),(51,5,1,77),(52,1,1,78),(53,1,1,79),(54,11,1,80),(55,11,1,81),(56,2,1,82),(57,2,1,83),(58,10,1,84),(59,10,1,85),(60,11,1,86),(61,11,1,87),(62,11,1,88),(62,2,2,89),(63,14,1,90),(64,14,1,91),(65,14,1,92),(66,2,1,93),(67,2,1,94),(68,2,1,95),(69,12,1,96),(69,4,2,97),(70,12,1,98),(70,4,2,99),(71,12,1,100),(71,4,2,101),(72,11,1,102),(72,4,2,103),(73,11,1,104),(73,4,2,105),(74,6,1,106),(74,5,2,107),(75,6,1,108),(75,5,2,109),(76,6,1,110),(76,5,2,111),(77,10,1,112),(78,10,1,113),(79,11,1,114),(79,14,2,115),(80,11,1,116),(80,14,2,117),(81,13,1,118),(81,9,2,119),(82,13,1,120),(82,9,2,121),(83,1,1,122),(83,3,2,123),(84,1,1,124),(84,3,2,125),(85,1,1,126),(85,3,2,127),(86,11,1,128),(87,11,1,129),(87,15,2,130),(88,4,1,131),(89,4,1,132),(90,11,1,133),(91,11,1,134),(91,15,2,135),(92,8,1,136),(92,4,2,137),(93,8,1,138),(93,4,2,139),(94,8,1,140),(94,4,2,141),(95,6,1,142),(95,5,2,143),(96,14,1,144),(97,14,1,145),(98,11,1,146),(99,11,1,147),(100,13,1,148),(101,13,1,149),(102,12,1,150),(102,14,2,151),(103,12,1,152),(103,14,2,153),(104,5,1,154),(105,5,1,155),(106,2,1,156),(107,2,1,157),(108,1,1,158),(109,4,1,159),(110,4,1,160),(111,5,1,161),(111,6,2,162),(112,5,1,163),(112,6,2,164),(113,1,1,165),(114,12,1,166),(115,1,1,167),(116,11,1,168),(117,11,1,169),(118,11,1,170),(119,11,1,171),(120,11,1,172),(121,11,1,173),(121,14,2,174),(122,14,1,175),(122,18,2,176),(123,7,1,177),(123,3,2,178),(124,15,1,179),(124,14,2,180),(125,13,1,181),(126,10,1,182),(127,7,1,183),(128,1,1,184),(129,11,1,185),(130,11,1,186),(130,3,2,187),(131,11,1,188),(131,15,2,189),(132,1,1,190),(133,1,1,191),(134,11,1,192),(135,13,1,193),(136,10,1,194),(137,1,1,195),(138,6,1,196),(138,11,2,197),(139,6,1,198),(139,11,2,199),(140,6,1,200),(140,11,2,201),(141,6,1,202),(141,11,2,203),(142,6,1,204),(142,3,2,205),(143,1,1,206),(144,15,1,207),(144,3,2,208),(145,13,1,209),(145,3,2,210),(146,10,1,211),(146,3,2,212),(147,16,1,213),(148,16,1,214),(149,16,1,215),(149,3,2,216),(150,14,1,217),(151,14,1,218),(152,12,1,219),(153,12,1,220),(154,12,1,221),(155,10,1,222),(156,10,1,223),(157,10,1,224),(158,11,1,225),(159,11,1,226),(160,11,1,227),(161,1,1,228),(162,1,1,229),(163,1,1,230),(163,3,2,231),(164,1,1,232),(164,3,2,233),(165,7,1,234),(165,3,2,235),(166,7,1,236),(166,3,2,237),(167,7,1,238),(167,4,2,239),(168,7,1,240),(168,4,2,241),(169,4,1,242),(169,3,2,243),(170,11,1,244),(170,13,2,245),(171,11,1,246),(171,13,2,247),(172,13,1,248),(173,18,1,249),(174,1,1,250),(174,18,2,251),(175,18,1,252),(176,18,1,253),(176,3,2,254),(177,14,1,255),(177,3,2,256),(178,14,1,257),(178,3,2,258),(179,13,1,259),(180,13,1,260),(181,13,1,261),(182,12,1,262),(183,11,1,263),(183,18,2,264),(184,11,1,265),(184,18,2,266),(185,6,1,267),(186,11,1,268),(187,12,1,269),(187,3,2,270),(188,12,1,271),(188,3,2,272),(189,12,1,273),(189,3,2,274),(190,1,1,275),(191,12,1,276),(192,12,1,277),(193,7,1,278),(193,3,2,279),(194,11,1,280),(194,5,2,281),(195,11,1,282),(195,5,2,283),(196,14,1,284),(197,17,1,285),(198,17,1,286),(198,3,2,287),(199,11,1,288),(199,14,2,289),(200,8,1,290),(201,14,1,291),(202,14,1,292),(203,1,1,293),(203,14,2,294),(204,7,1,295),(205,7,1,296),(205,9,2,297),(206,1,1,298),(207,5,1,299),(207,3,2,300),(208,9,1,301),(208,5,2,302),(209,18,1,303),(210,18,1,304),(211,11,1,305),(211,4,2,306),(212,7,1,307),(212,9,2,308),(213,7,1,309),(213,6,2,310),(214,7,1,311),(214,2,2,312),(215,17,1,313),(215,15,2,314),(216,1,1,315),(217,1,1,316),(218,10,1,317),(219,10,1,318),(219,6,2,319),(220,15,1,320),(220,5,2,321),(221,15,1,322),(221,5,2,323),(222,11,1,324),(222,6,2,325),(223,11,1,326),(224,11,1,327),(225,15,1,328),(225,3,2,329),(226,11,1,330),(226,3,2,331),(227,9,1,332),(227,3,2,333),(228,17,1,334),(228,10,2,335),(229,17,1,336),(229,10,2,337),(230,11,1,338),(230,16,2,339),(231,5,1,340),(232,5,1,341),(233,1,1,342),(234,1,1,343),(235,1,1,344),(236,2,1,345),(237,2,1,346),(238,15,1,347),(238,14,2,348),(239,13,1,349),(240,10,1,350),(241,1,1,351),(242,1,1,352),(243,13,1,353),(244,10,1,354),(245,11,1,355),(246,6,1,356),(246,5,2,357),(247,6,1,358),(247,5,2,359),(248,6,1,360),(248,17,2,361),(249,14,1,362),(249,3,2,363),(250,10,1,364),(250,3,2,365),(251,14,1,366),(251,12,2,367),(252,12,1,368),(253,12,1,369),(254,12,1,370),(255,10,1,371),(256,10,1,372),(256,2,2,373),(257,10,1,374),(257,2,2,375),(258,11,1,376),(259,11,1,377),(259,5,2,378),(260,11,1,379),(260,5,2,380),(261,17,1,381),(262,17,1,382),(263,1,1,383),(264,1,1,384),(265,7,1,385),(266,7,1,386),(267,7,1,387),(267,3,2,388),(268,7,1,389),(269,7,1,390),(269,4,2,391),(270,11,1,392),(270,12,2,393),(271,11,1,394),(271,12,2,395),(272,11,1,396),(272,12,2,397),(273,12,1,398),(274,12,1,399),(274,17,2,400),(275,12,1,401),(275,17,2,402),(276,1,1,403),(276,3,2,404),(277,1,1,405),(277,3,2,406),(278,11,1,407),(278,3,2,408),(279,11,1,409),(279,3,2,410),(280,14,1,411),(280,18,2,412),(281,14,1,413),(281,18,2,414),(282,14,1,415),(282,18,2,416),(283,7,1,417),(283,11,2,418),(284,7,1,419),(284,3,2,420),(285,12,1,421),(286,12,1,422),(286,2,2,423),(287,1,1,424),(288,1,1,425),(289,1,1,426),(290,7,1,427),(290,5,2,428),(291,7,1,429),(291,3,2,430),(292,7,1,431),(292,8,2,432),(293,1,1,433),(294,1,1,434),(295,1,1,435),(296,2,1,436),(297,2,1,437),(298,1,1,438),(298,18,2,439),(299,6,1,440),(300,1,1,441),(301,1,1,442),(302,17,1,443),(302,8,2,444),(303,9,1,445),(303,18,2,446),(304,9,1,447),(304,6,2,448),(305,9,1,449),(305,6,2,450),(306,9,1,451),(306,6,2,452),(307,2,1,453),(307,14,2,454),(308,2,1,455),(308,14,2,456),(309,13,1,457),(310,13,1,458),(311,13,1,459),(312,13,1,460),(313,7,1,461),(314,7,1,462),(315,12,1,463),(315,4,2,464),(316,4,1,465),(317,4,1,466),(318,11,1,467),(318,17,2,468),(319,11,1,469),(319,17,2,470),(320,11,1,471),(321,11,1,472),(322,10,1,473),(322,5,2,474),(323,10,1,475),(323,5,2,476),(324,10,1,477),(325,14,1,478),(326,14,1,479),(327,1,1,480),(328,5,1,481),(329,5,1,482),(329,16,2,483),(330,5,1,484),(330,16,2,485),(331,12,1,486),(332,12,1,487),(332,17,2,488),(333,1,1,489),(333,3,2,490),(334,16,1,491),(334,3,2,492),(335,1,1,493),(336,4,1,494),(337,6,1,495),(337,14,2,496),(338,6,1,497),(338,14,2,498),(339,11,1,499),(339,5,2,500),(340,11,1,501),(340,5,2,502),(341,11,1,503),(342,11,1,504),(342,17,2,505),(343,5,1,506),(343,14,2,507),(344,5,1,508),(344,14,2,509),(345,6,1,510),(345,12,2,511),(346,6,1,512),(346,12,2,513),(347,6,1,514),(347,7,2,515),(348,6,1,516),(348,7,2,517),(349,11,1,518),(350,11,1,519),(351,1,1,520),(352,1,1,521),(353,8,1,522),(354,8,1,523),(355,8,1,524),(356,8,1,525),(357,12,1,526),(357,3,2,527),(358,14,1,528),(359,17,1,529),(360,14,1,530),(361,15,1,531),(362,15,1,532),(363,15,1,533),(363,11,2,534),(364,15,1,535),(364,11,2,536),(365,15,1,537),(365,11,2,538),(366,11,1,539),(367,11,1,540),(368,11,1,541),(369,11,1,542),(369,6,2,543),(370,11,1,544),(371,16,1,545),(372,16,1,546),(373,16,1,547),(373,3,2,548),(374,9,1,549),(374,14,2,550),(375,9,1,551),(375,14,2,552),(376,9,1,553),(376,14,2,554),(377,6,1,555),(378,15,1,556),(379,9,1,557),(380,16,1,558),(380,14,2,559),(381,16,1,560),(381,14,2,561),(382,11,1,562),(383,5,1,563),(384,16,1,564),(384,3,2,565),(385,9,1,566),(385,14,2,567),(386,14,1,568),(387,12,1,569),(388,12,1,570),(389,12,1,571),(389,5,2,572),(390,10,1,573),(391,10,1,574),(391,2,2,575),(392,10,1,576),(392,2,2,577),(393,11,1,578),(394,11,1,579),(395,11,1,580),(395,9,2,581),(396,1,1,582),(396,3,2,583),(397,1,1,584),(397,3,2,585),(398,1,1,586),(398,3,2,587),(399,1,1,588),(400,1,1,589),(400,11,2,590),(401,7,1,591),(402,7,1,592),(403,13,1,593),(404,13,1,594),(405,13,1,595),(406,12,1,596),(406,4,2,597),(407,12,1,598),(407,4,2,599),(408,6,1,600),(409,6,1,601),(410,6,1,602),(410,9,2,603),(411,6,1,604),(411,9,2,605),(412,7,1,606),(413,7,1,607),(413,12,2,608),(414,7,1,609),(414,3,2,610),(415,7,1,611),(415,3,2,612),(416,7,1,613),(416,3,2,614),(417,13,1,615),(418,11,1,616),(419,11,1,617),(420,12,1,618),(421,12,1,619),(422,11,1,620),(423,11,1,621),(423,5,2,622),(424,1,1,623),(425,8,1,624),(425,3,2,625),(426,8,1,626),(426,3,2,627),(427,1,1,628),(428,1,1,629),(429,8,1,630),(430,17,1,631),(430,3,2,632),(431,1,1,633),(432,1,1,634),(433,14,1,635),(434,4,1,636),(434,17,2,637),(435,4,1,638),(435,17,2,639),(436,9,1,640),(436,14,2,641),(437,9,1,642),(437,14,2,643),(438,6,1,644),(439,14,1,645),(439,18,2,646),(440,1,1,647),(441,1,1,648),(441,3,2,649),(442,8,1,650),(442,17,2,651),(443,16,1,652),(443,5,2,653),(444,16,1,654),(444,5,2,655),(445,16,1,656),(445,5,2,657),(446,1,1,658),(447,2,1,659),(448,2,1,660),(448,9,2,661),(449,5,1,662),(450,5,1,663),(451,4,1,664),(451,7,2,665),(452,4,1,666),(452,17,2,667),(453,4,1,668),(453,2,2,669),(454,4,1,670),(454,2,2,671),(455,12,1,672),(456,11,1,673),(457,11,1,674),(458,11,1,675),(458,3,2,676),(459,12,1,677),(459,15,2,678),(460,12,1,679),(460,15,2,680),(461,17,1,681),(461,15,2,682),(462,13,1,683),(462,9,2,684),(463,1,1,685),(464,5,1,686),(464,6,2,687),(465,12,1,688),(466,13,1,689),(467,10,1,690),(468,18,1,691),(468,3,2,692),(469,7,1,693),(469,3,2,694),(470,12,1,695),(471,15,1,696),(472,5,1,697),(472,3,2,698),(473,15,1,699),(473,5,2,700),(474,1,1,701),(475,14,1,702),(475,2,2,703),(476,6,1,704),(476,9,2,705),(477,8,1,706),(478,15,1,707),(478,8,2,708),(479,13,1,709),(479,8,2,710),(480,14,1,711),(481,14,1,712),(482,14,1,713),(483,9,1,714),(483,16,2,715),(484,11,1,716),(484,16,2,717),(485,10,1,718),(485,9,2,719),(486,1,1,720),(487,8,1,721),(487,16,2,722),(488,14,1,723),(489,11,1,724),(490,11,1,725),(491,17,1,726),(492,12,1,727),(493,1,1,728),(494,14,1,729),(494,10,2,730),(495,12,1,731),(496,12,1,732),(497,12,1,733),(498,10,1,734),(499,10,1,735),(499,2,2,736),(500,10,1,737),(500,2,2,738),(501,11,1,739),(502,11,1,740),(503,11,1,741),(504,1,1,742),(505,1,1,743),(506,1,1,744),(507,1,1,745),(508,1,1,746),(509,17,1,747),(510,17,1,748),(511,12,1,749),(512,12,1,750),(513,10,1,751),(514,10,1,752),(515,11,1,753),(516,11,1,754),(517,14,1,755),(518,14,1,756),(519,1,1,757),(519,3,2,758),(520,1,1,759),(520,3,2,760),(521,1,1,761),(521,3,2,762),(522,13,1,763),(523,13,1,764),(524,6,1,765),(525,6,1,766),(526,6,1,767),(527,14,1,768),(527,3,2,769),(528,14,1,770),(528,3,2,771),(529,5,1,772),(530,5,1,773),(530,9,2,774),(531,1,1,775),(532,2,1,776),(533,2,1,777),(534,2,1,778),(535,11,1,779),(536,11,1,780),(536,5,2,781),(537,11,1,782),(537,5,2,783),(538,2,1,784),(539,2,1,785),(540,7,1,786),(540,12,2,787),(541,7,1,788),(541,12,2,789),(542,7,1,790),(542,12,2,791),(543,7,1,792),(543,4,2,793),(544,7,1,794),(544,4,2,795),(545,7,1,796),(545,4,2,797),(546,12,1,798),(546,18,2,799),(547,12,1,800),(547,18,2,801),(548,12,1,802),(549,12,1,803),(550,11,1,804),(551,5,1,805),(551,17,2,806),(552,5,1,807),(552,17,2,808),(553,5,1,809),(553,17,2,810),(554,10,1,811),(555,10,1,812),(556,12,1,813),(557,7,1,814),(557,6,2,815),(558,7,1,816),(558,6,2,817),(559,17,1,818),(559,2,2,819),(560,17,1,820),(560,2,2,821),(561,14,1,822),(561,3,2,823),(562,8,1,824),(563,8,1,825),(564,11,1,826),(564,6,2,827),(565,11,1,828),(565,6,2,829),(566,6,1,830),(566,3,2,831),(567,6,1,832),(567,3,2,833),(568,4,1,834),(569,4,1,835),(570,17,1,836),(571,17,1,837),(572,1,1,838),(573,1,1,839),(574,14,1,840),(575,14,1,841),(576,14,1,842),(577,14,1,843),(578,14,1,844),(579,14,1,845),(580,11,1,846),(580,3,2,847),(581,11,1,848),(581,3,2,849),(582,15,1,850),(583,15,1,851),(584,15,1,852),(585,1,1,853),(585,12,2,854),(586,1,1,855),(586,12,2,856),(587,13,1,857),(587,3,2,858),(588,7,1,859),(589,7,1,860),(589,9,2,861),(590,12,1,862),(590,4,2,863),(591,12,1,864),(591,4,2,865),(592,11,1,866),(592,8,2,867),(593,11,1,868),(593,8,2,869),(594,11,1,870),(595,7,1,871),(595,13,2,872),(596,7,1,873),(596,13,2,874),(597,12,1,875),(597,9,2,876),(598,12,1,877),(598,9,2,878),(599,9,1,879),(600,9,1,880),(601,9,1,881),(602,13,1,882),(603,13,1,883),(604,13,1,884),(605,14,1,885),(606,14,1,886),(607,8,1,887),(607,10,2,888),(608,8,1,889),(608,10,2,890),(609,8,1,891),(609,10,2,892),(610,16,1,893),(611,16,1,894),(612,16,1,895),(613,15,1,896),(614,15,1,897),(615,15,1,898),(616,7,1,899),(617,7,1,900),(618,5,1,901),(618,13,2,902),(619,2,1,903),(620,2,1,904),(621,16,1,905),(622,5,1,906),(622,8,2,907),(623,5,1,908),(623,8,2,909),(624,17,1,910),(624,9,2,911),(625,17,1,912),(625,9,2,913),(626,1,1,914),(627,1,1,915),(627,3,2,916),(628,1,1,917),(628,3,2,918),(629,17,1,919),(629,3,2,920),(630,17,1,921),(630,3,2,922),(631,10,1,923),(632,7,1,924),(632,9,2,925),(633,17,1,926),(633,16,2,927),(634,17,1,928),(634,16,2,929),(635,17,1,930),(635,16,2,931),(636,7,1,932),(636,10,2,933),(637,7,1,934),(637,10,2,935),(638,9,1,936),(638,2,2,937),(639,6,1,938),(639,2,2,939),(640,12,1,940),(640,2,2,941),(641,3,1,942),(642,13,1,943),(642,3,2,944),(643,16,1,945),(643,10,2,946),(644,16,1,947),(644,13,2,948),(645,5,1,949),(645,3,2,950),(646,16,1,951),(646,15,2,952),(647,11,1,953),(647,2,2,954),(648,1,1,955),(648,14,2,956),(649,7,1,957),(649,9,2,958),(650,12,1,959),(651,12,1,960),(652,12,1,961),(652,2,2,962),(653,10,1,963),(654,10,1,964),(655,10,1,965),(655,14,2,966),(656,11,1,967),(657,11,1,968),(658,11,1,969),(658,17,2,970),(659,1,1,971),(660,1,1,972),(660,5,2,973),(661,1,1,974),(661,3,2,975),(662,10,1,976),(662,3,2,977),(663,10,1,978),(663,3,2,979),(664,7,1,980),(665,7,1,981),(666,7,1,982),(666,3,2,983),(667,10,1,984),(667,1,2,985),(668,10,1,986),(668,1,2,987),(669,18,1,988),(670,18,1,989),(671,18,1,990),(672,12,1,991),(673,12,1,992),(674,2,1,993),(675,2,1,994),(675,17,2,995),(676,1,1,996),(677,14,1,997),(678,14,1,998),(679,9,1,999),(679,8,2,1000),(680,9,1,1001),(680,8,2,1002),(681,9,1,1003),(681,8,2,1004),(682,18,1,1005),(683,18,1,1006),(684,18,1,1007),(685,18,1,1008),(686,17,1,1009),(686,14,2,1010),(687,17,1,1011),(687,14,2,1012),(688,6,1,1013),(688,11,2,1014),(689,6,1,1015),(689,11,2,1016),(690,4,1,1017),(690,11,2,1018),(691,4,1,1019),(691,16,2,1020),(692,11,1,1021),(693,11,1,1022),(694,13,1,1023),(694,1,2,1024),(695,13,1,1025),(695,1,2,1026),(696,6,1,1027),(696,16,2,1028),(697,6,1,1029),(697,16,2,1030),(698,6,1,1031),(698,15,2,1032),(699,6,1,1033),(699,15,2,1034),(700,18,1,1035),(701,2,1,1036),(701,3,2,1037),(702,13,1,1038),(702,18,2,1039),(703,6,1,1040),(703,18,2,1041),(704,16,1,1042),(705,16,1,1043),(706,16,1,1044),(707,9,1,1045),(707,18,2,1046),(708,8,1,1047),(708,12,2,1048),(709,8,1,1049),(709,12,2,1050),(710,8,1,1051),(710,12,2,1052),(711,8,1,1053),(711,12,2,1054),(712,15,1,1055),(713,15,1,1056),(714,3,1,1057),(714,16,2,1058),(715,3,1,1059),(715,16,2,1060),(716,18,1,1061),(717,17,1,1062),(717,3,2,1063),(718,16,1,1064),(718,5,2,1065),(719,6,1,1066),(719,18,2,1067),(720,14,1,1068),(720,8,2,1069),(721,10,1,1070),(721,11,2,1071),(722,12,1,1072),(722,3,2,1073),(723,12,1,1074),(723,3,2,1075),(724,12,1,1076),(724,8,2,1077),(725,10,1,1078),(726,10,1,1079),(727,10,1,1080),(727,17,2,1081),(728,11,1,1082),(729,11,1,1083),(730,11,1,1084),(730,18,2,1085),(731,1,1,1086),(731,3,2,1087),(732,1,1,1088),(732,3,2,1089),(733,1,1,1090),(733,3,2,1091),(734,1,1,1092),(735,1,1,1093),(736,7,1,1094),(737,7,1,1095),(737,13,2,1096),(738,7,1,1097),(738,13,2,1098),(739,2,1,1099),(740,2,1,1100),(740,15,2,1101),(741,10,1,1102),(741,3,2,1103),(742,7,1,1104),(742,18,2,1105),(743,7,1,1106),(743,18,2,1107),(744,6,1,1108),(745,6,1,1109),(746,11,1,1110),(747,4,1,1111),(747,11,2,1112),(748,4,1,1113),(748,11,2,1114),(749,5,1,1115),(750,5,1,1116),(751,11,1,1117),(751,7,2,1118),(752,11,1,1119),(752,7,2,1120),(753,12,1,1121),(754,12,1,1122),(755,12,1,1123),(755,18,2,1124),(756,12,1,1125),(756,18,2,1126),(757,4,1,1127),(757,10,2,1128),(758,4,1,1129),(758,10,2,1130),(759,1,1,1131),(759,2,2,1132),(760,1,1,1133),(760,2,2,1134),(761,12,1,1135),(762,12,1,1136),(763,12,1,1137),(764,18,1,1138),(765,1,1,1139),(765,14,2,1140),(766,2,1,1141),(767,7,1,1142),(767,11,2,1143),(768,7,1,1144),(768,11,2,1145),(769,8,1,1146),(769,5,2,1147),(770,8,1,1148),(770,5,2,1149),(771,11,1,1150),(772,1,1,1151),(773,1,1,1152),(774,6,1,1153),(774,3,2,1154),(775,1,1,1155),(776,10,1,1156),(776,16,2,1157),(777,13,1,1158),(777,9,2,1159),(778,8,1,1160),(778,18,2,1161),(779,11,1,1162),(779,14,2,1163),(780,1,1,1164),(780,16,2,1165),(781,8,1,1166),(781,12,2,1167),(782,16,1,1168),(783,16,1,1169),(783,2,2,1170),(784,16,1,1171),(784,2,2,1172),(785,13,1,1173),(785,18,2,1174),(786,14,1,1175),(786,18,2,1176),(787,12,1,1177),(787,18,2,1178),(788,11,1,1179),(788,18,2,1180),(789,14,1,1181),(790,14,1,1182),(791,14,1,1183),(791,9,2,1184),(792,14,1,1185),(792,8,2,1186),(793,6,1,1187),(793,4,2,1188),(794,7,1,1189),(794,2,2,1190),(795,7,1,1191),(795,2,2,1192),(796,13,1,1193),(797,9,1,1194),(797,3,2,1195),(798,12,1,1196),(798,9,2,1197),(799,17,1,1198),(799,16,2,1199),(800,14,1,1200),(801,9,1,1201),(801,18,2,1202),(802,2,1,1203),(802,8,2,1204),(803,4,1,1205),(804,4,1,1206),(804,16,2,1207),(805,6,1,1208),(805,9,2,1209),(806,10,1,1210),(806,8,2,1211),(807,13,1,1212),(808,9,1,1213),(809,9,1,1214),(810,12,1,1215),(811,12,1,1216),(812,12,1,1217),(813,10,1,1218),(814,10,1,1219),(815,10,1,1220),(816,11,1,1221),(817,11,1,1222),(818,11,1,1223),(819,1,1,1224),(820,1,1,1225),(821,3,1,1226),(822,3,1,1227),(823,3,1,1228),(823,9,2,1229),(824,7,1,1230),(825,7,1,1231),(825,14,2,1232),(826,7,1,1233),(826,14,2,1234),(827,17,1,1235),(828,17,1,1236),(829,12,1,1237),(830,12,1,1238),(831,1,1,1239),(832,1,1,1240),(833,11,1,1241),(834,11,1,1242),(834,6,2,1243),(835,13,1,1244),(836,13,1,1245),(837,6,1,1246),(838,6,1,1247),(838,10,2,1248),(839,6,1,1249),(839,10,2,1250),(840,12,1,1251),(840,16,2,1252),(841,12,1,1253),(841,16,2,1254),(842,12,1,1255),(842,16,2,1256),(843,5,1,1257),(844,5,1,1258),(845,3,1,1259),(845,11,2,1260),(846,11,1,1261),(847,11,1,1262),(848,13,1,1263),(848,4,2,1264),(849,13,1,1265),(849,4,2,1266),(850,10,1,1267),(850,7,2,1268),(851,10,1,1269),(851,7,2,1270),(852,2,1,1271),(853,2,1,1272),(854,8,1,1273),(855,8,1,1274),(856,14,1,1275),(857,14,1,1276),(858,14,1,1277),(858,18,2,1278),(859,17,1,1279),(859,18,2,1280),(860,17,1,1281),(860,18,2,1282),(861,17,1,1283),(861,18,2,1284),(862,17,1,1285),(862,1,2,1286),(863,9,1,1287),(864,8,1,1288),(865,2,1,1289),(866,15,1,1290),(866,14,2,1291),(867,5,1,1292),(867,8,2,1293),(868,18,1,1294),(869,18,1,1295),(870,2,1,1296),(871,13,1,1297),(872,15,1,1298),(872,7,2,1299),(873,15,1,1300),(873,7,2,1301),(874,6,1,1302),(875,15,1,1303),(876,14,1,1304),(876,1,2,1305),(877,13,1,1306),(877,17,2,1307),(878,9,1,1308),(879,9,1,1309),(880,13,1,1310),(880,16,2,1311),(881,13,1,1312),(881,15,2,1313),(882,11,1,1314),(882,16,2,1315),(883,11,1,1316),(883,15,2,1317),(884,9,1,1318),(884,16,2,1319),(885,16,1,1320),(885,8,2,1321),(886,16,1,1322),(886,8,2,1323),(887,16,1,1324),(887,8,2,1325),(888,18,1,1326),(889,2,1,1327),(890,4,1,1328),(890,16,2,1329),(891,2,1,1330),(892,2,1,1331),(892,17,2,1332),(893,17,1,1333),(893,12,2,1334),(894,13,1,1335),(895,16,1,1336),(896,15,1,1337),(897,8,1,1338),(898,14,1,1339),(898,12,2,1340),(899,1,1,1341),(899,14,2,1342),(900,7,1,1343),(900,6,2,1344),(901,5,1,1345),(901,1,2,1346),(902,11,1,1347),(902,8,2,1348),(903,2,1,1349),(903,4,2,1350),(904,17,1,1351),(904,4,2,1352),(905,18,1,1353),(905,3,2,1354),(906,12,1,1355),(907,12,1,1356),(908,12,1,1357),(908,17,2,1358),(909,10,1,1359),(910,10,1,1360),(911,10,1,1361),(911,8,2,1362),(912,11,1,1363),(913,11,1,1364),(914,11,1,1365),(914,2,2,1366),(915,1,1,1367),(916,1,1,1368),(917,7,1,1369),(918,7,1,1370),(919,7,1,1371),(920,7,1,1372),(920,17,2,1373),(921,13,1,1374),(922,13,1,1375),(922,2,2,1376),(923,13,1,1377),(923,2,2,1378),(924,1,1,1379),(925,1,1,1380),(926,18,1,1381),(927,18,1,1382),(928,12,1,1383),(928,1,2,1384),(929,12,1,1385),(929,1,2,1386),(930,12,1,1387),(930,1,2,1388),(931,1,1,1389),(931,3,2,1390),(932,6,1,1391),(933,6,1,1392),(934,6,1,1393),(935,10,1,1394),(936,10,1,1395),(936,14,2,1396),(937,10,1,1397),(937,8,2,1398),(938,13,1,1399),(939,13,1,1400),(940,13,1,1401),(940,3,2,1402),(941,13,1,1403),(941,3,2,1404),(942,17,1,1405),(943,17,1,1406),(944,4,1,1407),(944,1,2,1408),(945,4,1,1409),(945,1,2,1410),(946,12,1,1411),(946,8,2,1412),(947,12,1,1413),(947,8,2,1414),(948,5,1,1415),(948,12,2,1416),(949,5,1,1417),(949,12,2,1418),(950,6,1,1419),(951,12,1,1420),(952,12,1,1421),(952,10,2,1422),(953,7,1,1423),(954,7,1,1424),(954,14,2,1425),(955,14,1,1426),(956,14,1,1427),(957,18,1,1428),(957,9,2,1429),(958,18,1,1430),(958,9,2,1431),(959,18,1,1432),(959,9,2,1433),(960,11,1,1434),(961,11,1,1435),(962,3,1,1436),(962,17,2,1437),(963,11,1,1438),(964,11,1,1439),(965,9,1,1440),(965,4,2,1441),(966,9,1,1442),(966,4,2,1443),(967,16,1,1444),(967,1,2,1445),(968,9,1,1446),(969,6,1,1447),(969,4,2,1448),(970,6,1,1449),(970,4,2,1450),(971,8,1,1451),(972,8,1,1452),(973,3,1,1453),(973,2,2,1454),(974,15,1,1455),(975,15,1,1456),(976,11,1,1457),(976,14,2,1458),(977,11,1,1459),(978,16,1,1460),(978,11,2,1461),(979,2,1,1462),(979,8,2,1463),(980,4,1,1464),(980,5,2,1465),(981,1,1,1466),(981,14,2,1467),(982,1,1,1468),(983,17,1,1469),(983,9,2,1470),(984,5,1,1471),(984,2,2,1472),(985,18,1,1473),(985,14,2,1474),(986,12,1,1475),(986,17,2,1476),(987,8,1,1477),(987,18,2,1478),(988,7,1,1479),(988,2,2,1480),(989,13,1,1481),(989,5,2,1482),(990,5,1,1483),(990,9,2,1484),(991,15,1,1485),(991,11,2,1486),(992,2,1,1487),(992,13,2,1488),(993,17,1,1489),(993,3,2,1490),(994,10,1,1491),(994,4,2,1492),(995,6,1,1493),(995,13,2,1494),(996,16,1,1495),(996,15,2,1496),(997,16,1,1497),(997,15,2,1498),(998,16,1,1499),(998,15,2,1500),(999,8,1,1501),(1000,9,1,1502),(1000,8,2,1503),(1001,17,1,1504),(1001,12,2,1505),(1002,17,1,1506),(1002,15,2,1507),(1003,17,1,1508),(1003,5,2,1509),(1004,17,1,1510),(1004,10,2,1511),(1005,16,1,1512),(1005,17,2,1513),(1006,18,1,1514),(1006,2,2,1515),(1007,2,1,1516),(1007,16,2,1517),(1008,13,1,1518),(1008,16,2,1519),(1009,11,1,1520),(1009,16,2,1521),(1010,12,1,1522),(1010,14,2,1523),(1011,12,1,1524),(1011,16,2,1525),(1012,12,1,1526),(1012,8,2,1527),(1013,12,1,1528),(1013,8,2,1529),(1014,4,1,1530),(1014,2,2,1531),(1015,4,1,1532),(1015,14,2,1533),(1016,4,1,1534),(1016,18,2,1535),(1017,12,1,1536),(10001,14,1,1537),(10002,14,1,1538),(10003,14,1,1539),(10004,7,1,1540),(10004,5,2,1541),(10005,7,1,1542),(10005,9,2,1543),(10006,12,1,1544),(10006,3,2,1545),(10007,8,1,1546),(10007,16,2,1547),(10008,13,1,1548),(10008,10,2,1549),(10009,13,1,1550),(10009,11,2,1551),(10010,13,1,1552),(10010,15,2,1553),(10011,13,1,1554),(10011,3,2,1555),(10012,13,1,1556),(10012,12,2,1557),(10013,10,1,1558),(10014,11,1,1559),(10015,15,1,1560),(10016,11,1,1561),(10017,10,1,1562),(10017,14,2,1563),(10018,1,1,1564),(10018,2,2,1565),(10019,3,1,1566),(10020,13,1,1567),(10020,3,2,1568),(10021,5,1,1569),(10021,3,2,1570),(10022,16,1,1571),(10022,15,2,1572),(10023,16,1,1573),(10023,15,2,1574),(10024,11,1,1575),(10024,2,2,1576),(10025,14,1,1577),(10026,9,1,1578),(10026,8,2,1579),(10027,8,1,1580),(10027,12,2,1581),(10028,8,1,1582),(10028,12,2,1583),(10029,8,1,1584),(10029,12,2,1585),(10030,8,1,1586),(10030,12,2,1587),(10031,8,1,1588),(10031,12,2,1589),(10032,8,1,1590),(10032,12,2,1591),(10033,12,1,1592),(10033,4,2,1593),(10034,10,1,1594),(10034,16,2,1595),(10035,10,1,1596),(10035,3,2,1597),(10036,11,1,1598),(10037,14,1,1599),(10038,8,1,1600),(10038,4,2,1601),(10039,1,1,1602),(10040,7,1,1603),(10040,3,2,1604),(10041,11,1,1605),(10041,17,2,1606),(10042,6,1,1607),(10042,3,2,1608),(10043,14,1,1609),(10043,2,2,1610),(10044,14,1,1611),(10045,13,1,1612),(10045,16,2,1613),(10046,7,1,1614),(10046,9,2,1615),(10047,7,1,1616),(10047,2,2,1617),(10048,17,1,1618),(10048,10,2,1619),(10049,6,1,1620),(10049,17,2,1621),(10050,10,1,1622),(10050,2,2,1623),(10051,14,1,1624),(10051,18,2,1625),(10052,9,1,1626),(10052,18,2,1627),(10053,9,1,1628),(10054,2,1,1629),(10054,14,2,1630),(10055,13,1,1631),(10056,8,1,1632),(10057,17,1,1633),(10058,16,1,1634),(10058,5,2,1635),(10059,2,1,1636),(10059,9,2,1637),(10060,12,1,1638),(10060,15,2,1639),(10061,18,1,1640),(10062,16,1,1641),(10062,14,2,1642),(10063,16,1,1643),(10063,14,2,1644),(10064,11,1,1645),(10064,5,2,1646),(10065,12,1,1647),(10065,16,2,1648),(10066,17,1,1649),(10066,8,2,1650),(10067,16,1,1651),(10067,18,2,1652),(10068,14,1,1653),(10068,2,2,1654),(10069,1,1,1655),(10069,18,2,1656),(10070,11,1,1657),(10070,17,2,1658),(10071,11,1,1659),(10071,14,2,1660),(10072,9,1,1661),(10072,5,2,1662),(10073,1,1,1663),(10073,3,2,1664),(10074,15,1,1665),(10075,6,1,1666),(10075,18,2,1667),(10076,9,1,1668),(10076,14,2,1669),(10077,11,1,1670),(10078,5,1,1671),(10078,10,2,1672),(10079,16,1,1673),(10079,3,2,1674),(10080,13,1,1675),(10081,13,1,1676),(10082,13,1,1677),(10083,13,1,1678),(10084,13,1,1679),(10085,13,1,1680),(10086,14,1,1681),(10086,17,2,1682),(10087,10,1,1683),(10087,5,2,1684),(10088,1,1,1685),(10088,2,2,1686),(10089,16,1,1687),(10089,3,2,1688),(10090,7,1,1689),(10090,4,2,1690),(1018,12,1,1691);
/*!40000 ALTER TABLE `pokemon_types` ENABLE KEYS */;
UNLOCK TABLES;

--
-- Table structure for table `types`
--

DROP TABLE IF EXISTS `types`;
/*!40101 SET @saved_cs_client     = @@character_set_client */;
/*!50503 SET character_set_client = utf8mb4 */;
CREATE TABLE `types` (
  `type_id` int NOT NULL AUTO_INCREMENT,
  `type_name` varchar(79) NOT NULL,
  `damage_type_id` int DEFAULT NULL,
  PRIMARY KEY (`type_id`),
  KEY `damage_type_idx` (`damage_type_id`),
  CONSTRAINT `damage_type` FOREIGN KEY (`damage_type_id`) REFERENCES `type_efficacy` (`damage_type_id`)
) ENGINE=InnoDB AUTO_INCREMENT=10003 DEFAULT CHARSET=utf8mb3;
/*!40101 SET character_set_client = @saved_cs_client */;

--
-- Dumping data for table `types`
--

LOCK TABLES `types` WRITE;
/*!40000 ALTER TABLE `types` DISABLE KEYS */;
INSERT INTO `types` VALUES (1,'normal',1),(2,'fighting',2),(3,'flying',3),(4,'poison',4),(5,'ground',5),(6,'rock',6),(7,'bug',7),(8,'ghost',8),(9,'steel',9),(10,'fire',10),(11,'water',11),(12,'grass',12),(13,'electric',13),(14,'psychic',14),(15,'ice',15),(16,'dragon',16),(17,'dark',17),(18,'fairy',18),(10001,'unknown',1),(10002,'shadow',2);
/*!40000 ALTER TABLE `types` ENABLE KEYS */;
UNLOCK TABLES;

--
-- Dumping events for database 'pokemon'
--

--
-- Dumping routines for database 'pokemon'
--
/*!50003 DROP PROCEDURE IF EXISTS `output_pokemon_abilities` */;
/*!50003 SET @saved_cs_client      = @@character_set_client */ ;
/*!50003 SET @saved_cs_results     = @@character_set_results */ ;
/*!50003 SET @saved_col_connection = @@collation_connection */ ;
/*!50003 SET character_set_client  = utf8mb3 */ ;
/*!50003 SET character_set_results = utf8mb3 */ ;
/*!50003 SET collation_connection  = utf8mb3_general_ci */ ;
/*!50003 SET @saved_sql_mode       = @@sql_mode */ ;
/*!50003 SET sql_mode              = 'STRICT_TRANS_TABLES,NO_ENGINE_SUBSTITUTION' */ ;
DELIMITER ;;
CREATE DEFINER=`root`@`localhost` PROCEDURE `output_pokemon_abilities`(IN var1 varchar(79))
BEGIN
SELECT pokemon.pok_id, pokemon.pok_name, abilities.abil_name
FROM pokemon
INNER JOIN pokemon_abilities
ON pokemon.pok_id = pokemon_abilities.pok_id
INNER JOIN abilities
ON pokemon_abilities.abil_id = abilities.abil_id
WHERE pokemon.pok_name LIKE var1;
END ;;
DELIMITER ;
/*!50003 SET sql_mode              = @saved_sql_mode */ ;
/*!50003 SET character_set_client  = @saved_cs_client */ ;
/*!50003 SET character_set_results = @saved_cs_results */ ;
/*!50003 SET collation_connection  = @saved_col_connection */ ;
/*!50003 DROP PROCEDURE IF EXISTS `output_pokemon_base_stats` */;
/*!50003 SET @saved_cs_client      = @@character_set_client */ ;
/*!50003 SET @saved_cs_results     = @@character_set_results */ ;
/*!50003 SET @saved_col_connection = @@collation_connection */ ;
/*!50003 SET character_set_client  = utf8mb3 */ ;
/*!50003 SET character_set_results = utf8mb3 */ ;
/*!50003 SET collation_connection  = utf8mb3_general_ci */ ;
/*!50003 SET @saved_sql_mode       = @@sql_mode */ ;
/*!50003 SET sql_mode              = 'STRICT_TRANS_TABLES,NO_ENGINE_SUBSTITUTION' */ ;
DELIMITER ;;
CREATE DEFINER=`root`@`localhost` PROCEDURE `output_pokemon_base_stats`(IN var1 varchar(79))
BEGIN
SELECT base_stats.b_atk, base_stats.b_def, base_stats.b_hp, base_stats.b_sp_atk, base_stats.b_sp_def, base_stats.b_speed
FROM pokemon
INNER JOIN base_stats
ON pokemon.pok_id = base_stats.pok_id
WHERE pokemon.pok_name like var1;
END ;;
DELIMITER ;
/*!50003 SET sql_mode              = @saved_sql_mode */ ;
/*!50003 SET character_set_client  = @saved_cs_client */ ;
/*!50003 SET character_set_results = @saved_cs_results */ ;
/*!50003 SET collation_connection  = @saved_col_connection */ ;
/*!50003 DROP PROCEDURE IF EXISTS `output_pokemon_evol` */;
/*!50003 SET @saved_cs_client      = @@character_set_client */ ;
/*!50003 SET @saved_cs_results     = @@character_set_results */ ;
/*!50003 SET @saved_col_connection = @@collation_connection */ ;
/*!50003 SET character_set_client  = utf8mb3 */ ;
/*!50003 SET character_set_results = utf8mb3 */ ;
/*!50003 SET collation_connection  = utf8mb3_general_ci */ ;
/*!50003 SET @saved_sql_mode       = @@sql_mode */ ;
/*!50003 SET sql_mode              = 'STRICT_TRANS_TABLES,NO_ENGINE_SUBSTITUTION' */ ;
DELIMITER ;;
CREATE DEFINER=`root`@`localhost` PROCEDURE `output_pokemon_evol`(IN var1 int)
BEGIN
SELECT pokemon.pok_name, pokemon_evolution.evolved_species_id, pokemon_evolution.evol_minimum_level
FROM pokemon
INNER JOIN pokemon_evolution_matchup
ON pokemon.pok_id = pokemon_evolution_matchup.evolves_from_species_id
INNER JOIN pokemon_evolution
ON pokemon_evolution_matchup.pok_id = pokemon_evolution.evolved_species_id
WHERE pokemon.pok_id LIKE var1; 
END ;;
DELIMITER ;
/*!50003 SET sql_mode              = @saved_sql_mode */ ;
/*!50003 SET character_set_client  = @saved_cs_client */ ;
/*!50003 SET character_set_results = @saved_cs_results */ ;
/*!50003 SET collation_connection  = @saved_col_connection */ ;
/*!50003 DROP PROCEDURE IF EXISTS `output_pokemon_fainted` */;
/*!50003 SET @saved_cs_client      = @@character_set_client */ ;
/*!50003 SET @saved_cs_results     = @@character_set_results */ ;
/*!50003 SET @saved_col_connection = @@collation_connection */ ;
/*!50003 SET character_set_client  = utf8mb3 */ ;
/*!50003 SET character_set_results = utf8mb3 */ ;
/*!50003 SET collation_connection  = utf8mb3_general_ci */ ;
/*!50003 SET @saved_sql_mode       = @@sql_mode */ ;
/*!50003 SET sql_mode              = 'STRICT_TRANS_TABLES,NO_ENGINE_SUBSTITUTION' */ ;
DELIMITER ;;
CREATE DEFINER=`root`@`localhost` PROCEDURE `output_pokemon_fainted`(IN var1 varchar(79), IN var2 varchar(79))
BEGIN
SELECT pokemon.pok_id, pokemon.pok_name, moves.move_name
FROM pokemon
INNER JOIN base_stats
ON pokemon.pok_id = base_stats.pok_id
INNER JOIN pokemon_moves
ON pokemon.pok_id = pokemon_moves.pok_id
INNER JOIN moves
ON moves.move_name LIKE var1
WHERE pokemon.pok_name LIKE var2 and moves.move_name LIKE var1 and moves.move_power - base_stats.b_hp >= 0
GROUP BY pokemon.pok_id;
END ;;
DELIMITER ;
/*!50003 SET sql_mode              = @saved_sql_mode */ ;
/*!50003 SET character_set_client  = @saved_cs_client */ ;
/*!50003 SET character_set_results = @saved_cs_results */ ;
/*!50003 SET collation_connection  = @saved_col_connection */ ;
/*!50003 DROP PROCEDURE IF EXISTS `output_pokemon_habitat` */;
/*!50003 SET @saved_cs_client      = @@character_set_client */ ;
/*!50003 SET @saved_cs_results     = @@character_set_results */ ;
/*!50003 SET @saved_col_connection = @@collation_connection */ ;
/*!50003 SET character_set_client  = utf8mb3 */ ;
/*!50003 SET character_set_results = utf8mb3 */ ;
/*!50003 SET collation_connection  = utf8mb3_general_ci */ ;
/*!50003 SET @saved_sql_mode       = @@sql_mode */ ;
/*!50003 SET sql_mode              = 'STRICT_TRANS_TABLES,NO_ENGINE_SUBSTITUTION' */ ;
DELIMITER ;;
CREATE DEFINER=`root`@`localhost` PROCEDURE `output_pokemon_habitat`(IN var1 varchar(8))
BEGIN
SELECT pokemon.pok_id, pokemon.pok_name, pokemon_habitats.hab_name
FROM pokemon
INNER JOIN pokemon_evolution_matchup
ON pokemon.pok_id = pokemon_evolution_matchup.pok_id
INNER JOIN pokemon_habitats
ON pokemon_evolution_matchup.hab_id = pokemon_habitats.hab_id
WHERE pokemon_habitats.hab_name LIKE var1;
END ;;
DELIMITER ;
/*!50003 SET sql_mode              = @saved_sql_mode */ ;
/*!50003 SET character_set_client  = @saved_cs_client */ ;
/*!50003 SET character_set_results = @saved_cs_results */ ;
/*!50003 SET collation_connection  = @saved_col_connection */ ;
/*!50003 DROP PROCEDURE IF EXISTS `output_pokemon_hidden_abil` */;
/*!50003 SET @saved_cs_client      = @@character_set_client */ ;
/*!50003 SET @saved_cs_results     = @@character_set_results */ ;
/*!50003 SET @saved_col_connection = @@collation_connection */ ;
/*!50003 SET character_set_client  = utf8mb3 */ ;
/*!50003 SET character_set_results = utf8mb3 */ ;
/*!50003 SET collation_connection  = utf8mb3_general_ci */ ;
/*!50003 SET @saved_sql_mode       = @@sql_mode */ ;
/*!50003 SET sql_mode              = 'STRICT_TRANS_TABLES,NO_ENGINE_SUBSTITUTION' */ ;
DELIMITER ;;
CREATE DEFINER=`root`@`localhost` PROCEDURE `output_pokemon_hidden_abil`(IN var1 varchar(79))
BEGIN
SELECT pokemon.pok_name, abilities.abil_name
FROM pokemon
INNER JOIN pokemon_abilities
ON pokemon.pok_id = pokemon_abilities.pok_id
INNER JOIN abilities
ON pokemon_abilities.abil_id = abilities.abil_id
WHERE pokemon.pok_name LIKE var1 and pokemon_abilities.is_hidden = 1
group by abilities.abil_id;
END ;;
DELIMITER ;
/*!50003 SET sql_mode              = @saved_sql_mode */ ;
/*!50003 SET character_set_client  = @saved_cs_client */ ;
/*!50003 SET character_set_results = @saved_cs_results */ ;
/*!50003 SET collation_connection  = @saved_col_connection */ ;
/*!50003 DROP PROCEDURE IF EXISTS `output_pokemon_moves` */;
/*!50003 SET @saved_cs_client      = @@character_set_client */ ;
/*!50003 SET @saved_cs_results     = @@character_set_results */ ;
/*!50003 SET @saved_col_connection = @@collation_connection */ ;
/*!50003 SET character_set_client  = utf8mb3 */ ;
/*!50003 SET character_set_results = utf8mb3 */ ;
/*!50003 SET collation_connection  = utf8mb3_general_ci */ ;
/*!50003 SET @saved_sql_mode       = @@sql_mode */ ;
/*!50003 SET sql_mode              = 'STRICT_TRANS_TABLES,NO_ENGINE_SUBSTITUTION' */ ;
DELIMITER ;;
CREATE DEFINER=`root`@`localhost` PROCEDURE `output_pokemon_moves`(IN var1 varchar(79))
BEGIN
SELECT pokemon.pok_id, pokemon.pok_name, moves.move_name
FROM pokemon
INNER JOIN pokemon_moves
ON pokemon.pok_id = pokemon_moves.pok_id
INNER JOIN moves
ON pokemon_moves.move_id = moves.move_id
WHERE pokemon.pok_name LIKE var1;
END ;;
DELIMITER ;
/*!50003 SET sql_mode              = @saved_sql_mode */ ;
/*!50003 SET character_set_client  = @saved_cs_client */ ;
/*!50003 SET character_set_results = @saved_cs_results */ ;
/*!50003 SET collation_connection  = @saved_col_connection */ ;
/*!50003 DROP PROCEDURE IF EXISTS `output_pokemon_moves_method` */;
/*!50003 SET @saved_cs_client      = @@character_set_client */ ;
/*!50003 SET @saved_cs_results     = @@character_set_results */ ;
/*!50003 SET @saved_col_connection = @@collation_connection */ ;
/*!50003 SET character_set_client  = utf8mb3 */ ;
/*!50003 SET character_set_results = utf8mb3 */ ;
/*!50003 SET collation_connection  = utf8mb3_general_ci */ ;
/*!50003 SET @saved_sql_mode       = @@sql_mode */ ;
/*!50003 SET sql_mode              = 'STRICT_TRANS_TABLES,NO_ENGINE_SUBSTITUTION' */ ;
DELIMITER ;;
CREATE DEFINER=`root`@`localhost` PROCEDURE `output_pokemon_moves_method`(IN var1 varchar(79))
BEGIN
SELECT pokemon_move_methods.method_name
FROM pokemon
INNER JOIN pokemon_moves
ON pokemon.pok_id = pokemon_moves.pok_id
INNER JOIN pokemon_move_methods
ON pokemon_moves.method_id = pokemon_move_methods.method_id
INNER JOIN moves
ON pokemon_moves.move_id = moves.move_id
WHERE moves.move_name LIKE var1
group by moves.move_id;
END ;;
DELIMITER ;
/*!50003 SET sql_mode              = @saved_sql_mode */ ;
/*!50003 SET character_set_client  = @saved_cs_client */ ;
/*!50003 SET character_set_results = @saved_cs_results */ ;
/*!50003 SET collation_connection  = @saved_col_connection */ ;
/*!50003 DROP PROCEDURE IF EXISTS `output_pokemon_moves_types` */;
/*!50003 SET @saved_cs_client      = @@character_set_client */ ;
/*!50003 SET @saved_cs_results     = @@character_set_results */ ;
/*!50003 SET @saved_col_connection = @@collation_connection */ ;
/*!50003 SET character_set_client  = utf8mb3 */ ;
/*!50003 SET character_set_results = utf8mb3 */ ;
/*!50003 SET collation_connection  = utf8mb3_general_ci */ ;
/*!50003 SET @saved_sql_mode       = @@sql_mode */ ;
/*!50003 SET sql_mode              = 'STRICT_TRANS_TABLES,NO_ENGINE_SUBSTITUTION' */ ;
DELIMITER ;;
CREATE DEFINER=`root`@`localhost` PROCEDURE `output_pokemon_moves_types`(IN var1 varchar(79))
BEGIN
SELECT moves.move_name, types.type_name
FROM moves
INNER JOIN types
ON moves.type_id = types.type_id
WHERE moves.move_name LIKE var1;
END ;;
DELIMITER ;
/*!50003 SET sql_mode              = @saved_sql_mode */ ;
/*!50003 SET character_set_client  = @saved_cs_client */ ;
/*!50003 SET character_set_results = @saved_cs_results */ ;
/*!50003 SET collation_connection  = @saved_col_connection */ ;
/*!50003 DROP PROCEDURE IF EXISTS `output_pokemon_moves_version` */;
/*!50003 SET @saved_cs_client      = @@character_set_client */ ;
/*!50003 SET @saved_cs_results     = @@character_set_results */ ;
/*!50003 SET @saved_col_connection = @@collation_connection */ ;
/*!50003 SET character_set_client  = utf8mb3 */ ;
/*!50003 SET character_set_results = utf8mb3 */ ;
/*!50003 SET collation_connection  = utf8mb3_general_ci */ ;
/*!50003 SET @saved_sql_mode       = @@sql_mode */ ;
/*!50003 SET sql_mode              = 'STRICT_TRANS_TABLES,NO_ENGINE_SUBSTITUTION' */ ;
DELIMITER ;;
CREATE DEFINER=`root`@`localhost` PROCEDURE `output_pokemon_moves_version`(IN var1 varchar(79))
BEGIN
SELECT moves.move_id, moves.move_name, version_groups.version_name
FROM moves
INNER JOIN pokemon_moves
ON moves.move_id = pokemon_moves.move_id
INNER JOIN version_groups
ON pokemon_moves.version_group_id = version_groups.version_id
WHERE moves.move_name LIKE var1
group by moves.move_id;
END ;;
DELIMITER ;
/*!50003 SET sql_mode              = @saved_sql_mode */ ;
/*!50003 SET character_set_client  = @saved_cs_client */ ;
/*!50003 SET character_set_results = @saved_cs_results */ ;
/*!50003 SET collation_connection  = @saved_col_connection */ ;
/*!50003 DROP PROCEDURE IF EXISTS `output_pokemon_types` */;
/*!50003 SET @saved_cs_client      = @@character_set_client */ ;
/*!50003 SET @saved_cs_results     = @@character_set_results */ ;
/*!50003 SET @saved_col_connection = @@collation_connection */ ;
/*!50003 SET character_set_client  = utf8mb3 */ ;
/*!50003 SET character_set_results = utf8mb3 */ ;
/*!50003 SET collation_connection  = utf8mb3_general_ci */ ;
/*!50003 SET @saved_sql_mode       = @@sql_mode */ ;
/*!50003 SET sql_mode              = 'STRICT_TRANS_TABLES,NO_ENGINE_SUBSTITUTION' */ ;
DELIMITER ;;
CREATE DEFINER=`root`@`localhost` PROCEDURE `output_pokemon_types`(IN var1 varchar(79))
BEGIN
SELECT pokemon.pok_id, pokemon.pok_name, types.type_name
FROM pokemon
INNER JOIN pokemon_types
ON pokemon.pok_id = pokemon_types.pok_id
INNER JOIN types
ON pokemon_types.type_id = types.type_id
WHERE pokemon.pok_name LIKE var1;
END ;;
DELIMITER ;
/*!50003 SET sql_mode              = @saved_sql_mode */ ;
/*!50003 SET character_set_client  = @saved_cs_client */ ;
/*!50003 SET character_set_results = @saved_cs_results */ ;
/*!50003 SET collation_connection  = @saved_col_connection */ ;
/*!50003 DROP PROCEDURE IF EXISTS `output_pokemon_type_efficacy` */;
/*!50003 SET @saved_cs_client      = @@character_set_client */ ;
/*!50003 SET @saved_cs_results     = @@character_set_results */ ;
/*!50003 SET @saved_col_connection = @@collation_connection */ ;
/*!50003 SET character_set_client  = utf8mb3 */ ;
/*!50003 SET character_set_results = utf8mb3 */ ;
/*!50003 SET collation_connection  = utf8mb3_general_ci */ ;
/*!50003 SET @saved_sql_mode       = @@sql_mode */ ;
/*!50003 SET sql_mode              = 'STRICT_TRANS_TABLES,NO_ENGINE_SUBSTITUTION' */ ;
DELIMITER ;;
CREATE DEFINER=`root`@`localhost` PROCEDURE `output_pokemon_type_efficacy`(IN var1 varchar(79))
BEGIN
SELECT types.type_id, types.type_name, type_efficacy.damage_factor, type_efficacy.target_type_id
FROM types
INNER JOIN type_efficacy
ON types.damage_type_id = type_efficacy.damage_type_id
WHERE types.type_name LIKE var1;
END ;;
DELIMITER ;
/*!50003 SET sql_mode              = @saved_sql_mode */ ;
/*!50003 SET character_set_client  = @saved_cs_client */ ;
/*!50003 SET character_set_results = @saved_cs_results */ ;
/*!50003 SET collation_connection  = @saved_col_connection */ ;
/*!40103 SET TIME_ZONE=@OLD_TIME_ZONE */;

/*!40101 SET SQL_MODE=@OLD_SQL_MODE */;
/*!40014 SET FOREIGN_KEY_CHECKS=@OLD_FOREIGN_KEY_CHECKS */;
/*!40014 SET UNIQUE_CHECKS=@OLD_UNIQUE_CHECKS */;
/*!40101 SET CHARACTER_SET_CLIENT=@OLD_CHARACTER_SET_CLIENT */;
/*!40101 SET CHARACTER_SET_RESULTS=@OLD_CHARACTER_SET_RESULTS */;
/*!40101 SET COLLATION_CONNECTION=@OLD_COLLATION_CONNECTION */;
/*!40111 SET SQL_NOTES=@OLD_SQL_NOTES */;

-- Dump completed on 2024-02-14  1:58:15
